2022-05-14 07:55:10.863492,1.7831551399563403,154.83000763075128,417.3353583758019,14.178882759356895,28.59126363314907,39.0514485119511,27.322096123027613,images\20220514_075508-output.jpg,Day
2022-05-14 07:55:31.185227,2.8030418389185363,155.54959414277292,417.12552182711227,14.119371321118592,44.26441334475242,56.49983718889494,41.15131416744524,images\20220514_075528-output.jpg,Day
2022-05-14 07:55:51.494475,3.8386941864373325,156.28214762737588,416.92403222665143,14.634865334573306,37.28991710623637,40.33597845621821,25.973049389144087,images\20220514_075548-output.jpg,Day
2022-05-14 07:56:11.753473,4.872053962434777,157.01561832265932,416.73465549854944,14.525483270110158,10.65441994640818,19.34192765104329,45.176804141687434,images\20220514_075608-output.jpg,Day
2022-05-14 07:56:32.137400,5.905489682170822,157.75237908032204,416.5569312525118,14.42583422521426,10.628778515260045,16.07994167185716,32.352636688336965,images\20220514_075629-output.jpg,Day
2022-05-14 07:56:52.054983,6.938750229442072,158.49296262353107,416.39089726196624,14.749470786204256,12.002089172635731,14.20812145586785,22.775723343584552,images\20220514_075649-output.jpg,Night
2022-05-14 07:57:12.297964,7.949268203965473,159.22176259782262,416.23977704226866,14.86994507787955,9.018791199522475,12.419905654715562,11.666050498611543,images\20220514_075709-output.jpg,Night
2022-05-14 07:57:32.170567,8.974313047200534,159.96632592326162,416.0978275520128,14.645233561733392,9.548447962083463,12.86932614450327,10.52296711175127,images\20220514_075729-output.jpg,Night
2022-05-14 07:57:52.066524,9.978961554897284,160.70196081916035,415.96974344434955,15.053192223121812,12.404315122819993,11.996104698691996,10.361220057354926,images\20220514_075749-output.jpg,Night
2022-05-14 07:58:11.892692,10.98199451028946,161.44295997588827,415.8527118773735,14.852292453969653,9.866283421896085,10.49003081043029,9.885284268594933,images\20220514_075809-output.jpg,Night
2022-05-14 07:58:31.798901,11.980805700792892,162.18808954403565,415.74687354604185,14.975454425083285,19.4859364051308,20.470843024953286,17.974914519101006,images\20220514_075829-output.jpg,Night
2022-05-14 07:58:51.822951,12.981220542432037,162.9424445953859,415.6514877707915,14.79554211970327,118.26270798459723,124.20484009232587,115.58043740430031,images\20220514_075849-output.jpg,Night
2022-05-14 07:59:11.849729,13.982807345088778,163.7065463362292,415.56654603510003,15.29700777837644,119.20762349313557,134.11230397786255,122.20943935397852,images\20220514_075909-output.jpg,Night
2022-05-14 07:59:31.802150,14.982814600012565,164.4791405937097,415.49216922172616,15.126796049165137,130.99488594706997,139.65013272247742,128.80986197348957,images\20220514_075929-output.jpg,Night
2022-05-14 07:59:51.806012,15.975645169791452,165.2566567118237,415.42852055561235,15.02367214552902,125.78281018860947,142.9423099225968,129.16052262567476,images\20220514_075949-output.jpg,Night
2022-05-14 08:00:11.849275,16.969982848766957,166.04673014934912,415.37482841655395,15.170164335300115,130.56733749708036,146.58397079051178,132.02406481950067,images\20220514_080009-output.jpg,Night
2022-05-14 08:00:31.827886,17.95794615608722,166.8439797296997,415.3313073981652,15.33030153548566,134.8390252338965,151.38593956808626,136.566071909387,images\20220514_080029-output.jpg,Day
2022-05-14 08:00:52.253492,18.94231522536791,167.65147493982934,415.29753995638885,15.977523431046905,137.18215338874182,155.62029368447006,140.76876463880672,images\20220514_080049-output.jpg,Day
2022-05-14 08:01:12.425409,19.944134174468733,168.4878624373674,415.2728460746153,15.645355963783572,147.72899635368006,160.17499010562648,143.9906041974852,images\20220514_080109-output.jpg,Day
2022-05-14 08:01:32.459114,20.92480415383431,169.32198565444577,415.25795557885334,16.371246270657707,149.6954586853135,164.89953257195316,148.26897813830064,images\20220514_080129-output.jpg,Day
2022-05-14 08:01:52.417433,21.894256578383448,170.162724798296,415.25208874409685,15.902275236960861,153.6776050182316,169.18909607598877,151.60883425626753,images\20220514_080149-output.jpg,Day
2022-05-14 08:02:12.779499,22.857816770108837,171.01551319909382,415.25480242092317,16.192298729497963,158.6828676895178,173.48348308710942,156.07344889474982,images\20220514_080209-output.jpg,Day
2022-05-14 08:02:32.759874,23.833590595787534,171.89789933836343,415.2660426207851,16.319509295242142,164.77997974897488,179.0093347736946,159.9742736151121,images\20220514_080230-output.jpg,Day
2022-05-14 08:02:52.780655,24.785649905156472,172.77847289242547,415.2850549607155,15.973227242058954,167.98626689342623,183.9118794524681,164.11470437720595,images\20220514_080249-output.jpg,Day
2022-05-14 08:03:12.768168,25.733368127348985,173.67577791611959,415.3116777706469,16.14759684892755,169.17534756014481,188.28521281824197,167.42226570610143,images\20220514_080310-output.jpg,Day
2022-05-14 08:03:33.139126,26.671729256915555,174.58618458677657,415.34540699496813,15.73554519667897,179.26072444656393,192.08924724903977,172.26090368070692,images\20220514_080330-output.jpg,Day
2022-05-14 08:03:53.223683,27.621574557999047,175.53171617607015,415.3868097566047,15.432646797556458,183.59622724294096,198.02811198322175,176.57332724261653,images\20220514_080350-output.jpg,Day
2022-05-14 08:04:13.245768,28.549277214326864,176.48031731901636,415.43409182357783,16.62513635493815,189.74420266758798,204.3108376235986,181.69209966715977,images\20220514_080410-output.jpg,Day
2022-05-14 08:04:33.261091,29.466076777988174,177.44407064141174,415.48725701271877,15.686871561106216,193.72982358818643,210.00069605295602,187.3337224174063,images\20220514_080430-output.jpg,Day
2022-05-14 08:04:53.266544,30.3750287795011,178.4274272150192,415.5460801879497,15.625833575588388,201.42459858851083,214.68814597282775,190.4609093172558,images\20220514_080450-output.jpg,Day
2022-05-14 08:05:13.365969,31.27480382310014,179.43035524403442,415.61009866495715,15.923634946042796,206.49618721938907,219.02708361718828,195.39815993038252,images\20220514_080510-output.jpg,Day
2022-05-14 08:05:33.346960,32.168848151392424,-179.54167212206954,415.6792075301299,15.925489342402443,211.20570098392247,223.51955801346932,199.61655085383575,images\20220514_080530-output.jpg,Day
2022-05-14 08:05:53.747989,33.048050585611215,-178.49768760826822,415.75230974663015,16.60486435348156,212.38591645418094,227.312901857547,202.03036356145543,images\20220514_080550-output.jpg,Day
2022-05-14 08:06:13.790097,33.93388350792246,-177.4098537402799,415.8309095599315,15.517061105508617,216.71508036339927,231.15453105535659,207.1895887671286,images\20220514_080610-output.jpg,Day
2022-05-14 08:06:33.826891,34.7930627324592,-176.3172838720822,415.9116845199497,15.914520058595429,224.95824087771206,234.33089826313193,210.57142723904806,images\20220514_080631-output.jpg,Day
2022-05-14 08:06:53.841177,35.640888763717385,-175.19980084679221,415.99557632439655,16.205397324778744,226.16136831075468,237.24397862490918,213.972734715626,images\20220514_080651-output.jpg,Day
2022-05-14 08:07:13.871946,36.476120512388746,-174.057274034631,416.0820926059557,16.09581035464049,228.72857340976333,239.67805553663192,217.04628417613932,images\20220514_080711-output.jpg,Day
2022-05-14 08:07:33.910123,37.29878664951988,-172.88782303733882,416.1708731116876,16.38195429972899,228.17297939861675,242.14234739145385,219.24227711707152,images\20220514_080731-output.jpg,Day
2022-05-14 08:07:53.895509,38.106297738636435,-171.69332796561176,416.2612751352557,15.99885923446675,233.21452826546766,243.84835696628778,221.59911222328194,images\20220514_080751-output.jpg,Day
2022-05-14 08:08:14.241870,38.899344408740895,-170.4709551257399,416.35301894737853,16.205706390838714,232.68339119919807,245.61905060242137,223.25778249247378,images\20220514_080811-output.jpg,Day
2022-05-14 08:08:34.218720,39.69010615365999,-169.19860499556222,416.4472405719318,15.218347904799998,229.65692658861468,248.1060650482067,223.46671699009914,images\20220514_080831-output.jpg,Day
2022-05-14 08:08:54.229830,40.45136903724337,-167.9180166099205,416.5403632116963,16.615560429721768,237.83332948101577,248.35847376044586,227.43100641187846,images\20220514_080851-output.jpg,Day
2022-05-14 08:09:14.246283,41.19708280491535,-166.60491654237566,416.6337171356852,17.617006180923624,241.93122579122547,249.6011484772397,230.2887954735674,images\20220514_080911-output.jpg,Day
2022-05-14 08:09:34.314521,41.92678651990966,-165.25757175223487,416.7269516600092,16.414976556818715,239.99375397396966,250.0,228.8455587644685,images\20220514_080931-output.jpg,Day
2022-05-14 08:09:54.370429,42.638343978371836,-163.87739497349287,416.81950889176454,16.082940570696906,237.5386959215717,250.0,231.22307148928166,images\20220514_080951-output.jpg,Day
2022-05-14 08:10:14.442162,43.33219916956501,-162.46087487964192,416.91117412404725,16.577565794916268,241.7891490757682,250.0,231.26650697796637,images\20220514_081011-output.jpg,Day
2022-05-14 08:10:34.480612,44.003838832925354,-161.01486290459357,417.0010862547437,16.54856481170043,237.92270061247794,250.0,231.804725820422,images\20220514_081031-output.jpg,Day
2022-05-14 08:10:54.501220,44.65483584681835,-159.5337487034325,417.0892035728769,16.022098953117734,238.67768023980068,250.0,231.11344669690126,images\20220514_081051-output.jpg,Day
2022-05-14 08:11:14.884440,45.28325877604982,-158.01941664885337,417.17503229504183,17.965284356891743,242.92124646397798,249.01473105957388,230.22303722393076,images\20220514_081111-output.jpg,Day
2022-05-14 08:11:34.941015,45.90007654747441,-156.44034976415597,417.2598686705058,16.60599645733646,237.27371060903923,244.81211294346258,228.05956635880565,images\20220514_081132-output.jpg,Day
2022-05-14 08:11:54.978588,46.48188098273546,-154.8536201904382,417.3402905594777,16.844699615997342,227.91597933211358,237.84574691976798,218.62127683646062,images\20220514_081152-output.jpg,Day
2022-05-14 08:12:15.472849,47.039024190665245,-153.23091391525637,417.41753191744345,16.44741141763984,216.23799192067634,225.10106311799285,205.4131892404365,images\20220514_081212-output.jpg,Day
2022-05-14 08:12:35.490973,47.581248651706375,-151.53744883002804,417.4927752092251,16.52179730034311,191.57565465067995,207.54911339925258,186.614280622275,images\20220514_081232-output.jpg,Day
2022-05-14 08:12:55.478907,48.08416121852027,-149.84685491553842,417.5624788101842,16.95381188798831,167.92836858812154,187.45920395710058,164.67618087725785,images\20220514_081252-output.jpg,Day
2022-05-14 08:13:15.483071,48.55871711409324,-148.1240062006028,417.6280246688612,16.99484424942716,142.57392516285165,165.80997734026266,141.212894274564,images\20220514_081312-output.jpg,Day
2022-05-14 08:13:35.775476,49.00438662104733,-146.3682652105032,417.6892155702643,17.19019619742602,119.53157014786412,143.45313250188156,121.87760234188467,images\20220514_081332-output.jpg,Day
2022-05-14 08:13:55.966775,49.42698960285831,-144.5501379938568,417.74672609876586,16.15875225538946,97.89353025569656,122.83543264364684,107.79553743479445,images\20220514_081353-output.jpg,Day
2022-05-14 08:14:16.336833,49.81455957452905,-142.71629171666638,417.7988194169009,16.84254981395611,93.38628404637704,105.62553668866137,96.9757549325885,images\20220514_081413-output.jpg,Night
2022-05-14 08:14:36.303246,50.17339517392308,-140.83361316201393,417.8462488366127,16.236184402462584,87.19172842539967,91.57036927099554,92.00138135997352,images\20220514_081433-output.jpg,Night
2022-05-14 08:14:56.639499,50.491936017358974,-138.9632949667642,417.8874225166147,17.61046627479334,79.843117814414,83.03508670553046,84.5750058393024,images\20220514_081453-output.jpg,Night
2022-05-14 08:15:16.593221,50.782804420243124,-137.02877788101924,417.923903167008,18.025340502716404,72.05940152016507,78.0382194507163,78.9883254502751,images\20220514_081513-output.jpg,Night
2022-05-14 08:15:36.850602,51.03355683179557,-135.1101198914171,417.9540696124266,17.33333134922009,72.03980559178086,76.12979167477681,78.39895634634848,images\20220514_081533-output.jpg,Night
2022-05-14 08:15:57.210170,51.25327126571103,-133.136216799459,417.9789647685878,17.735622661144646,71.14203190692152,77.18073614138898,77.87475993979031,images\20220514_081554-output.jpg,Night
2022-05-14 08:16:17.217709,51.43683152794087,-131.14025821214355,417.9979069135515,16.95379822760998,77.65430985122755,81.51090286969273,83.41496860563947,images\20220514_081614-output.jpg,Night
2022-05-14 08:16:37.142039,51.58096082224148,-129.16502215635114,418.0105671689902,18.150273200372396,82.21023881124779,88.35606788675646,89.56013264948615,images\20220514_081634-output.jpg,Night
2022-05-14 08:16:57.472217,51.68860212367498,-127.18327809517056,418.0172507388757,17.94785883677173,93.52844531006696,98.13548357533998,100.46833597723969,images\20220514_081654-output.jpg,Night
2022-05-14 08:17:17.519987,51.76097844494201,-125.15042863924342,418.01789110612566,17.455060688155356,101.23127165407972,112.20801683503322,108.90837222146529,images\20220514_081714-output.jpg,Night
2022-05-14 08:17:37.560905,51.79491124136229,-123.14463530216572,418.0123805345805,18.097125790893188,113.47183854491072,127.31863390331412,119.99215282914201,images\20220514_081734-output.jpg,Night
2022-05-14 08:17:57.849602,51.791754197173844,-121.13943971415125,418.0007791407843,18.0928654603984,127.78766329771359,141.948581090068,132.64585685274577,images\20220514_081754-output.jpg,Night
2022-05-14 08:18:17.882258,51.75071566382678,-119.10725805675155,417.9827910290018,17.46798682115957,135.83654636892712,156.682302007098,141.9306382114217,images\20220514_081815-output.jpg,Night
2022-05-14 08:18:37.914473,51.67303734727314,-117.10850852013061,417.9589441493036,17.7911008726781,147.86711714451624,167.26807446570382,151.0661574713874,images\20220514_081835-output.jpg,Day
2022-05-14 08:18:58.307156,51.558772001683955,-115.12051507283923,417.92911486022524,17.341269736582944,156.4104445655559,174.58119428332296,156.95690250149227,images\20220514_081855-output.jpg,Day
2022-05-14 08:19:18.310180,51.40498533619675,-113.1071539735547,417.89261601047184,18.235645442355633,156.80755200223192,178.22726423005554,158.0573697267855,images\20220514_081915-output.jpg,Day
2022-05-14 08:19:38.664607,51.217835926661294,-111.14648641590954,417.85089638913945,18.32685237343742,159.6528001482534,178.4474906814466,159.661398723788,images\20220514_081935-output.jpg,Day
2022-05-14 08:19:58.664322,50.99101266179474,-109.16913804469354,417.8025383096618,19.31281067069625,155.90344470180628,176.3106393306213,157.46540111952402,images\20220514_081955-output.jpg,Day
2022-05-14 08:20:18.823942,50.73277215174062,-107.24509969991233,417.749304922061,19.56843050038401,154.4442184418146,172.14576703292067,153.28660755995017,images\20220514_082015-output.jpg,Day
2022-05-14 08:20:39.173711,50.43922503233002,-105.33728901866034,417.6903712669465,19.615046541469326,154.59676778391986,168.18842394795237,151.7251063239645,images\20220514_082036-output.jpg,Day
2022-05-14 08:20:59.510371,50.108180286752024,-103.43428566335771,417.62534540762334,18.65973018037448,144.8279163665914,163.99811986627998,146.6424838445967,images\20220514_082056-output.jpg,Day
2022-05-14 08:21:19.870714,49.74359098673114,-101.55973488680014,417.5550527407216,17.949380261409374,142.7404803150628,159.9983651980821,145.47304817262275,images\20220514_082116-output.jpg,Day
2022-05-14 08:21:39.859612,49.34600066675628,-99.7138631853331,417.47963938346953,18.923701623869817,142.26314978459465,156.0560694682342,143.5032335137029,images\20220514_082137-output.jpg,Night
2022-05-14 08:21:59.862975,48.924806371022626,-97.93280898374391,417.4009095449881,19.114014599808456,141.9959380352694,152.64736250064882,141.21144661417782,images\20220514_082157-output.jpg,Night
2022-05-14 08:22:19.879800,48.47369039716717,-96.18275504947482,417.3177178239343,18.56484177733006,132.16357852726307,150.19896165849164,137.00674338050192,images\20220514_082217-output.jpg,Night
2022-05-14 08:22:40.290384,47.99245445741125,-94.46094016421792,417.2301124002381,19.64735845888538,135.1143307024032,147.79039864593065,136.9741738603628,images\20220514_082237-output.jpg,Night
2022-05-14 08:23:00.299031,47.475029219368,-92.7466576183546,417.13711671418463,18.387150990977602,132.47048232637806,145.46644307004567,135.1498794832866,images\20220514_082257-output.jpg,Night
2022-05-14 08:23:20.336307,46.939779065628585,-91.0975619407196,417.04214070975917,19.27988745134951,136.7918619183406,142.66748254697393,133.71216395625714,images\20220514_082317-output.jpg,Night
2022-05-14 08:23:40.671718,46.37911534553028,-89.48424742922798,416.9439342710746,20.0348316754056,128.9881054626674,140.19816585078638,128.74375519049102,images\20220514_082337-output.jpg,Night
2022-05-14 08:24:00.669430,45.783955835594334,-87.88038639675398,416.84108538831794,20.61765854747199,129.7399432208943,136.97017191068463,129.7408693991358,images\20220514_082357-output.jpg,Night
2022-05-14 08:24:21.006605,45.174810247484935,-86.33845939050097,416.7373023301073,19.960138434189673,133.47153137327416,133.1477680077598,128.18035435644398,images\20220514_082417-output.jpg,Night
2022-05-14 08:24:40.983068,44.53178834370982,-84.8054522000919,416.6293846624836,21.705017833148815,127.2261006274006,129.34951326981468,125.49343159581646,images\20220514_082438-output.jpg,Night
2022-05-14 08:25:00.992207,43.8786089603416,-83.33513392716699,416.5215110746011,20.632889869321104,124.82592025783765,125.00791570155974,124.79059693890791,images\20220514_082458-output.jpg,Night
2022-05-14 08:25:20.982048,43.204517331231,-81.8984480932066,416.41207548515155,20.184614308809387,120.92973656636042,121.87680896722205,121.19434840684366,images\20220514_082518-output.jpg,Night
2022-05-14 08:25:40.944058,42.510353655982165,-80.4947764547274,416.30144820775996,21.948689954430904,117.53218753244057,118.9605129340548,117.55205940841378,images\20220514_082538-output.jpg,Night
2022-05-14 08:26:00.967689,41.797761382877646,-79.12498170665319,416.19013850917923,20.49839149173249,116.81679979465119,116.84068578551594,118.48239105645958,images\20220514_082558-output.jpg,Night
2022-05-14 08:26:20.992286,41.065654116424525,-77.78474113976664,416.07824597654746,21.89357032782891,116.07799158816049,115.06613070791809,114.46625268445707,images\20220514_082618-output.jpg,Night
2022-05-14 08:26:41.127556,40.314874655994835,-76.47366061141243,415.9661948301987,22.940259252092915,113.64718306375221,113.06593140117306,112.38743021222619,images\20220514_082638-output.jpg,Night
2022-05-14 08:27:01.441349,39.54582109622187,-75.1905578055484,415.854358628775,20.2966277036503,112.04535901166564,110.28002455751064,112.11699589789006,images\20220514_082658-output.jpg,Night
2022-05-14 08:27:21.414126,38.75330327744445,-73.92559269646107,415.74235223329225,22.9129128822035,108.28257438622444,107.94344351772553,111.35480817891622,images\20220514_082718-output.jpg,Night
2022-05-14 08:27:41.419239,37.95850769747471,-72.70992778503636,415.6334634814305,21.12837569737593,104.32114257305615,106.30829894633032,111.08708082729939,images\20220514_082738-output.jpg,Night
2022-05-14 08:28:01.408935,37.14771408425358,-71.51946157463928,415.52607576890847,21.68340711461491,102.68313714899305,104.63283013955932,108.95126270859286,images\20220514_082758-output.jpg,Night
2022-05-14 08:28:21.366447,36.32416676087989,-70.35711188740459,415.42096875114066,20.131909154078983,100.64039426645385,102.47395792782623,107.20981343428839,images\20220514_082818-output.jpg,Night
2022-05-14 08:28:41.282752,35.490979721321104,-69.22508733829119,415.31886171994296,24.277273904764797,97.90706283900394,100.49069563933872,104.17865345686701,images\20220514_082838-output.jpg,Night
2022-05-14 08:29:01.214768,34.646235161663206,-68.11870883943628,415.2198475893273,22.162032620703542,93.1831560050737,95.43337112659607,99.39044698237828,images\20220514_082858-output.jpg,Night
2022-05-14 08:29:21.149248,33.78942442488794,-67.0355937482291,415.124229095124,23.834296863501777,87.57498252264352,90.28064822744732,93.24783438927385,images\20220514_082918-output.jpg,Night
2022-05-14 08:29:41.522236,32.91893752916288,-65.97226429392418,415.0322236849097,20.72262660218405,86.76625049471868,89.07367334293575,90.68395688161787,images\20220514_082938-output.jpg,Night
2022-05-14 08:30:01.529305,32.02269717484138,-64.91344016033685,414.94309853844163,22.608426464098898,85.04158739002648,87.27590095569916,90.00890311137496,images\20220514_082958-output.jpg,Night
2022-05-14 08:30:21.810125,31.130855360202258,-63.89322309316836,414.86024456429294,23.780432284159758,81.50199468947888,84.08265086486557,86.86054711830425,images\20220514_083018-output.jpg,Night
2022-05-14 08:30:42.155046,30.217517588583267,-62.88031017193235,414.78162335985064,22.273844524963977,79.07295174303177,82.22603655727707,83.51320756935793,images\20220514_083039-output.jpg,Night
2022-05-14 08:31:02.162770,29.292320260382354,-61.88466336342896,414.70861166320867,24.472291173494284,77.28266075923908,79.0760333943216,84.4047715210734,images\20220514_083059-output.jpg,Night
2022-05-14 08:31:22.505253,28.3741109336982,-60.92454696196211,414.64294910541264,24.901030685432488,74.8366307144062,76.90506956879996,81.29713188875479,images\20220514_083119-output.jpg,Night
2022-05-14 08:31:42.473946,27.431226081325963,-59.96552199042474,414.58277400526254,22.964185404755483,71.95139895898214,74.23521298044483,76.88621835422506,images\20220514_083139-output.jpg,Night
2022-05-14 08:32:02.491831,26.499955003586933,-59.043111227694084,414.5307519486811,27.27787162979979,64.90128557919392,67.15158910126648,67.39348402788592,images\20220514_083159-output.jpg,Night
2022-05-14 08:32:22.465163,25.557955450062988,-58.133336590099866,414.4858213768364,24.410694820011827,54.32068414726721,56.85748553961642,56.5594528168146,images\20220514_083219-output.jpg,Night
2022-05-14 08:32:42.747613,24.611313608021607,-57.24096225453149,414.44865529989534,23.432077268563432,45.16562289136302,46.832586186481365,47.887685478952555,images\20220514_083239-output.jpg,Night
2022-05-14 08:33:02.843985,23.641758870329646,-56.34809774375097,414.4190854429897,27.895725419477287,42.07077579187428,43.96699942580193,43.33088224560106,images\20220514_083300-output.jpg,Night
2022-05-14 08:33:22.771774,22.67972946457338,-55.48176250053361,414.39843401542026,27.24402291982051,40.559776411489146,41.8639872378802,43.05424367246704,images\20220514_083320-output.jpg,Night
2022-05-14 08:33:42.697619,21.717622836504678,-54.633480640254795,414.3866210202865,28.542329182918593,41.406696057822074,42.00941506410256,40.761061017466,images\20220514_083339-output.jpg,Night
2022-05-14 08:34:02.642940,20.749704996343265,-53.79705196499147,414.38383482861576,27.691302980260673,29.883576880904187,31.94974976156182,31.52804041121665,images\20220514_083359-output.jpg,Night
2022-05-14 08:34:22.587380,19.77630265131082,-52.97181810459239,414.390407786557,29.58801748446922,26.899531152678296,29.04453116889858,30.72897323977473,images\20220514_083419-output.jpg,Day
2022-05-14 08:34:42.542733,18.799387501146988,-52.15850082497276,414.406621858981,30.159434525527104,27.888219329064157,28.77488678241462,35.647971572329496,images\20220514_083439-output.jpg,Day
2022-05-14 08:35:02.542432,17.8172207632929,-51.35474138086385,414.4327936874697,32.67233966835022,26.671751928591817,31.306390427112532,38.54679795364892,images\20220514_083459-output.jpg,Day
2022-05-14 08:35:22.859072,16.82823181441181,-50.55844935405096,414.4692987886126,28.25651479445753,27.695938400225785,36.68885520476487,48.41101227551127,images\20220514_083519-output.jpg,Day
2022-05-14 08:35:42.813522,15.819956087722035,-49.75906573376394,414.51714934130746,29.865985693121218,21.654444074081283,42.539573236206266,53.01308409244265,images\20220514_083540-output.jpg,Day
2022-05-14 08:36:02.873052,14.825639928204643,-48.98206956734928,414.57498673265,29.853319107305424,25.088323909348077,50.69359152782103,75.82220216313713,images\20220514_083600-output.jpg,Day
2022-05-14 08:36:22.874260,13.823284929287695,-48.20923509763733,414.6441204207901,29.86217444756437,46.12687040154937,72.33242560566542,86.10615365151043,images\20220514_083620-output.jpg,Day
2022-05-14 08:36:42.895110,12.821449433559776,-47.44639082456343,414.72419566524457,31.06198596773629,91.3012266995614,105.77569009200145,82.19041032453545,images\20220514_083640-output.jpg,Day
2022-05-14 08:37:02.952101,11.814367139153983,-46.68835840085685,414.815854139392,34.80644934999361,111.74365786878438,139.55635839205075,116.69628166199523,images\20220514_083700-output.jpg,Day
2022-05-14 08:37:23.053589,10.804816858410918,-45.93650625055343,414.9190629913992,34.99561826924628,135.49251879930966,170.61423419171078,152.7832221838342,images\20220514_083720-output.jpg,Day
2022-05-14 08:37:43.069809,9.789453332074954,-45.18764042311811,415.0343840816898,31.26079911409704,141.5711310161035,202.45089836045366,187.478760551295,images\20220514_083740-output.jpg,Day
2022-05-14 08:38:03.170418,8.77713729356756,-44.44755482336711,415.16092539416206,36.317727741601914,183.22503738775563,246.08510479114761,228.6390654196512,images\20220514_083800-output.jpg,Day
2022-05-14 08:38:23.226737,7.757949341705588,-43.70828175016738,415.30004737711664,30.684259431161706,203.84350750674764,250.0,249.4335304908907,images\20220514_083820-output.jpg,Day
2022-05-14 08:38:43.313457,6.740950219240023,-42.97570416676316,415.4506354987502,33.14931909884888,193.71896998760772,250.0,242.90502840982822,images\20220514_083840-output.jpg,Day
2022-05-14 08:39:03.300949,5.719691150763518,-42.244477712071294,415.61370873594,35.26386711870941,195.22960400608585,250.0,236.7410678948666,images\20220514_083900-output.jpg,Day
2022-05-14 08:39:23.463525,4.7001575522155585,-41.518207617602144,415.78836979102186,39.31025559813253,193.8126913993564,250.0,243.7493108406649,images\20220514_083920-output.jpg,Day
2022-05-14 08:39:43.511629,3.675904450405088,-40.79163130692685,415.9757755084036,33.79452950369955,201.65508923589485,250.0,250.0,images\20220514_083940-output.jpg,Day
2022-05-14 08:40:03.529863,2.6541421408236583,-40.06919847103469,416.174631887378,36.584685685311854,199.93136467741098,250.0,250.0,images\20220514_084000-output.jpg,Day
2022-05-14 08:40:23.971667,1.6328976521460965,-39.348838792011016,416.3852425265326,37.62050436351183,203.29411795715248,250.0,250.0,images\20220514_084020-output.jpg,Day
2022-05-14 08:40:44.395664,0.5894920435943157,-38.61392593231982,416.61262032112177,36.61840291414961,195.3335125674764,250.0,250.0,images\20220514_084041-output.jpg,Day
2022-05-14 08:41:04.403873,-0.45009062829500474,-37.88210291537033,416.8513658815786,39.14900849220686,199.15252359240372,250.0,248.30701065023877,images\20220514_084101-output.jpg,Day
2022-05-14 08:41:24.249786,-1.4711388693326577,-37.163047227363165,417.09763740009043,38.094417039073164,203.20485732637806,250.0,250.0,images\20220514_084121-output.jpg,Day
2022-05-14 08:41:44.134771,-2.484634363515575,-36.44838833079118,417.35355024065734,34.45930840052233,198.81964321051333,250.0,243.3682077558912,images\20220514_084141-output.jpg,Day
2022-05-14 08:42:04.115167,-3.4953712557482532,-35.7341197024116,417.62004377850513,35.9554818287811,200.98804970543964,250.0,243.13315150394476,images\20220514_084201-output.jpg,Day
2022-05-14 08:42:24.145834,-4.513494088774367,-35.012410111863744,417.89975912318135,37.59620938063409,187.37577593785684,250.0,241.0463717656753,images\20220514_084221-output.jpg,Day
2022-05-14 08:42:44.199262,-5.531099758002732,-34.28817632823573,418.19051375918855,38.67191636358689,199.4929997307433,250.0,246.91518676846516,images\20220514_084241-output.jpg,Day
2022-05-14 08:43:04.204904,-6.550552765629095,-33.55905204173846,418.4928653130598,36.76178224520652,194.92145773318282,250.0,248.09620210150004,images\20220514_084301-output.jpg,Day
2022-05-14 08:43:24.063500,-7.565016759827712,-32.829256543829636,418.8045827218931,38.54820797733964,196.73053180635577,250.0,243.51227328097426,images\20220514_084321-output.jpg,Day
2022-05-14 08:43:43.905728,-8.570660575877069,-32.10094226055544,419.1241054919995,40.88528697545371,187.5810424209099,250.0,242.04160340755735,images\20220514_084341-output.jpg,Day
2022-05-14 08:44:03.979797,-9.57481905466033,-31.368170596620836,419.45342917615505,38.8786354539119,194.1389309940439,250.0,242.33796138599087,images\20220514_084401-output.jpg,Day
2022-05-14 08:44:23.814080,-10.586022765500331,-30.62394073495821,419.795249039029,39.94246815299266,193.36353530020503,250.0,244.50421200236167,images\20220514_084421-output.jpg,Day
2022-05-14 08:44:43.680520,-11.584525773552063,-29.882096137621375,420.1426081664321,36.730035525944345,191.8603735612608,250.0,250.0,images\20220514_084441-output.jpg,Day
2022-05-14 08:45:03.653844,-12.581517988689281,-29.133709066048983,420.4989831101019,38.97355117771298,195.1485131270762,250.0,250.0,images\20220514_084500-output.jpg,Day
2022-05-14 08:45:23.542436,-13.582754425076477,-28.373631613607518,420.86625112971126,36.15461257893827,198.23100847996471,250.0,249.01162284756825,images\20220514_084520-output.jpg,Day
2022-05-14 08:45:43.386886,-14.576319677801722,-27.61012935599258,421.23976521318224,38.174132176876356,193.86761510724853,250.0,244.4497116438934,images\20220514_084540-output.jpg,Day
2022-05-14 08:46:03.247052,-15.561460350903848,-26.843159040356973,421.6187883121972,39.96164732418208,188.73158308354095,250.0,242.4343001433873,images\20220514_084600-output.jpg,Day
2022-05-14 08:46:23.032728,-16.54693575104336,-26.065141523451015,422.00634065637655,37.262124337761236,194.11237311682498,250.0,242.3053683464393,images\20220514_084620-output.jpg,Day
2022-05-14 08:46:42.818325,-17.523720303824444,-25.282425946639737,422.39851754695144,38.2822199204918,196.3006723713407,250.0,239.52158210221373,images\20220514_084640-output.jpg,Day
2022-05-14 08:47:02.598041,-18.4959545756146,-24.490977689260905,422.7965638534992,41.09426344329944,190.92922400537216,250.0,240.5830766473321,images\20220514_084700-output.jpg,Day
2022-05-14 08:47:22.370569,-19.46504838443306,-23.688799365427425,423.2007050413076,39.396695057173645,186.4022713669807,249.79627566048998,237.8462866497327,images\20220514_084719-output.jpg,Day
2022-05-14 08:47:42.152101,-20.427864412999245,-22.877637955957994,423.6092602097087,38.03125144962888,186.79851588452453,250.0,238.982122205245,images\20220514_084739-output.jpg,Day
2022-05-14 08:48:02.209682,-21.388186531219176,-22.05339836064768,424.0234683619176,37.34386121155876,201.33426194461745,250.0,246.117901800776,images\20220514_084759-output.jpg,Day
2022-05-14 08:48:22.187889,-22.35518020513242,-21.206926749962488,424.44704544168087,40.146581526149305,199.70068019762795,250.0,246.84268777412282,images\20220514_084819-output.jpg,Day
2022-05-14 08:48:42.228479,-23.31322306787456,-20.350696769466186,424.8728397882682,38.185596649398235,205.5693159662748,250.0,247.83354460253815,images\20220514_084839-output.jpg,Day
2022-05-14 08:49:02.057585,-24.267744127535547,-19.47885879320303,425.3028552075362,36.80986677696342,199.11748534497303,250.0,243.05665948108066,images\20220514_084859-output.jpg,Day
2022-05-14 08:49:22.042176,-25.20794026931189,-18.60040405496727,425.7317767787293,39.319688089376314,190.90330905967767,248.42884810028028,232.846684249455,images\20220514_084919-output.jpg,Day
2022-05-14 08:49:42.023693,-26.145825384148765,-17.70314114047151,426.16465571441796,37.397792385245225,176.3195381841716,243.9915974871535,235.80653985648294,images\20220514_084939-output.jpg,Day
2022-05-14 08:50:02.070830,-27.078129008728457,-16.788876155593403,426.599630937859,37.828654378467945,187.08214215619483,250.0,241.16457242519203,images\20220514_084959-output.jpg,Day
2022-05-14 08:50:21.853881,-28.00664502551976,-15.85448020946381,427.0371790518781,37.15096642411385,194.6596337540875,250.0,244.34453830582373,images\20220514_085019-output.jpg,Day
2022-05-14 08:50:41.686874,-28.91508847433479,-14.915472375595643,427.4691780563614,35.613022973985835,198.6399569270347,250.0,242.50460879106978,images\20220514_085039-output.jpg,Day
2022-05-14 08:51:01.511428,-29.816829048874194,-13.957235748046518,427.90153689859005,33.93010534362975,188.8467994134745,250.0,244.02054400400968,images\20220514_085058-output.jpg,Day
2022-05-14 08:51:21.297000,-30.709811015664258,-12.980614243749356,428.3329068837126,35.381875712094256,197.409898550231,250.0,244.2301548874961,images\20220514_085118-output.jpg,Day
2022-05-14 08:51:41.247125,-31.592833123402627,-11.985639865533276,428.7623402441485,35.01853696900628,195.22344090625975,250.0,240.6041200333489,images\20220514_085138-output.jpg,Day
2022-05-14 08:52:01.049276,-32.47542548406963,-10.95974534761444,429.19415479264626,34.65901288656971,207.89975195130023,250.0,239.88551338011263,images\20220514_085158-output.jpg,Day
2022-05-14 08:52:20.786611,-33.337015906739616,-9.925498377210786,429.61793586686,36.0552572321767,212.60577267757967,250.0,248.03512198464912,images\20220514_085218-output.jpg,Day
2022-05-14 08:52:40.546318,-34.188307203931785,-8.869175063207523,430.03857942395507,33.70761534651115,204.05431341969012,250.0,237.3505550175828,images\20220514_085238-output.jpg,Day
2022-05-14 08:53:00.315499,-35.02859612997835,-7.790093765935591,430.4554278523022,34.13813583027542,198.7069702211798,246.11927464510018,237.51241399194174,images\20220514_085257-output.jpg,Day
2022-05-14 08:53:20.299217,-35.85861492665766,-6.6856190828096045,430.86855225885034,34.95700720986821,192.22655094304736,244.4877788266895,236.03999476084812,images\20220514_085317-output.jpg,Day
2022-05-14 08:53:40.071579,-36.684307918342064,-5.5454773131634845,431.28065035169095,34.532111386885504,189.2290695477136,244.64779639325755,232.29556440101734,images\20220514_085337-output.jpg,Day
2022-05-14 08:53:59.837460,-37.488840521997695,-4.391196331592675,431.68305599928186,33.93081568330342,181.2060874321992,241.7143382853862,232.58894392972076,images\20220514_085357-output.jpg,Day
2022-05-14 08:54:19.646340,-38.28057246918713,-3.2095954817979093,432.07969536408365,34.115654262622286,175.47456618849267,250.0,236.17260937337795,images\20220514_085417-output.jpg,Day
2022-05-14 08:54:39.675567,-39.05893338724381,-1.9995359223132727,432.470062526257,33.04858063878038,198.53511245523202,250.0,247.90059358130904,images\20220514_085436-output.jpg,Day
2022-05-14 08:54:59.439662,-39.83161849604776,-0.746106042670679,432.85782052045215,34.1635543792716,197.31293389260873,250.0,249.00648142290822,images\20220514_085456-output.jpg,Day
2022-05-14 08:55:19.200890,-40.57808334487491,0.5192409229094557,433.23247987525315,34.1921318907589,198.28597456334992,250.0,247.54554331464757,images\20220514_085516-output.jpg,Day
2022-05-14 08:55:38.979049,-41.30795377489368,1.8136853353535436,433.5987165621789,34.38944581059684,210.15421840937404,250.0,248.15623377971554,images\20220514_085536-output.jpg,Day
2022-05-14 08:55:59.018155,-42.022276863147006,3.1413452637302033,433.9569259640481,31.477872771203806,216.30097609616683,250.0,250.0,images\20220514_085556-output.jpg,Day
2022-05-14 08:56:18.747580,-42.72713059390561,4.517093255331526,434.3100432081894,30.561251139304318,240.94622691853522,250.0,250.0,images\20220514_085616-output.jpg,Day
2022-05-14 08:56:38.523433,-43.40299985147103,5.904853556068122,434.64821183984435,30.1920520939085,250.0,250.0,250.0,images\20220514_085635-output.jpg,Day
2022-05-14 08:56:58.217811,-44.060123084541665,7.326513335886834,434.97650799443693,29.846816767215614,250.0,250.0,250.0,images\20220514_085655-output.jpg,Day
2022-05-14 08:57:18.165777,-44.69522291127931,8.777145123765532,435.2932649430539,32.079653418216935,250.0,250.0,250.0,images\20220514_085715-output.jpg,Day
2022-05-14 08:57:37.918812,-45.31675686149901,10.279681251016227,435.60268614846945,32.79865718686045,250.0,250.0,250.0,images\20220514_085735-output.jpg,Day
2022-05-14 08:57:57.635544,-45.909791827681296,11.800784161045605,435.8973527197456,30.867861746240806,250.0,250.0,250.0,images\20220514_085755-output.jpg,Day
2022-05-14 08:58:17.406821,-46.480089092870756,13.356424997430972,436.18017595750024,31.926103935485912,250.0,250.0,250.0,images\20220514_085814-output.jpg,Day
2022-05-14 08:58:37.173842,-47.02537218050085,14.942720987392901,436.45008951895716,29.565761313058715,241.80055801833538,250.0,250.0,images\20220514_085834-output.jpg,Day
2022-05-14 08:58:57.141474,-47.54712951346456,16.56667022554079,436.70791143135864,31.58730264699119,234.1861616237802,250.0,250.0,images\20220514_085854-output.jpg,Day
2022-05-14 08:59:16.960252,-48.048245214494926,18.242152798546414,436.95515978364926,31.90763851906479,250.0,250.0,250.0,images\20220514_085914-output.jpg,Day
2022-05-14 08:59:36.738443,-48.51783635622943,19.935781387998478,437.1865823224725,32.618790985257306,250.0,250.0,250.0,images\20220514_085934-output.jpg,Day
2022-05-14 08:59:56.557668,-48.95881590242114,21.65862904674634,437.4037511254144,28.80554076786882,250.0,250.0,250.0,images\20220514_085953-output.jpg,Day
2022-05-14 09:00:16.343474,-49.371851116648074,23.416012121617566,437.6071383079572,31.3649424234668,250.0,250.0,250.0,images\20220514_090013-output.jpg,Day
2022-05-14 09:00:36.098751,-49.75419579466948,25.19874023964855,437.7955435427398,27.47541265342761,250.0,250.0,250.0,images\20220514_090033-output.jpg,Day
2022-05-14 09:00:55.831854,-50.10568960798229,27.007738240108864,437.96904432190775,28.564458995829455,243.54570997807016,250.0,250.0,images\20220514_090053-output.jpg,Day
2022-05-14 09:01:15.579937,-50.42584620880762,28.842659405897187,438.1275594959264,28.470108470182197,211.7328257600825,250.0,237.43289201994446,images\20220514_090113-output.jpg,Day
2022-05-14 09:01:35.316986,-50.71412748665605,30.702969156584796,438.27098187595783,26.353499440739654,203.12788437208036,250.0,241.97886780792587,images\20220514_090132-output.jpg,Day
2022-05-14 09:01:55.103289,-50.96956222358688,32.58486563248516,438.3989836212823,26.036517191548512,216.88189078233677,250.0,248.58878314615126,images\20220514_090152-output.jpg,Day
2022-05-14 09:02:14.878524,-51.19202753289766,34.49044803881863,438.5116544074718,27.56717966002134,231.74865006682757,250.0,250.0,images\20220514_090212-output.jpg,Day
2022-05-14 09:02:34.619176,-51.380388533461065,36.413146526764784,438.6085621041315,28.28250537179673,241.06535436455414,250.0,250.0,images\20220514_090232-output.jpg,Day
2022-05-14 09:02:54.597549,-51.53430813640752,38.352157165916424,438.6896614364358,28.364121009736493,244.87407138871586,250.0,250.0,images\20220514_090251-output.jpg,Day
2022-05-14 09:03:14.557937,-51.65402079300587,40.31867487401122,438.7552196769413,25.25797295636272,248.60580552365565,250.0,250.0,images\20220514_090311-output.jpg,Day
2022-05-14 09:03:34.287479,-51.73796999975771,42.29833343966157,438.8045287430593,25.421402307728215,249.34959092442648,250.0,250.0,images\20220514_090331-output.jpg,Day
2022-05-14 09:03:54.069825,-51.785283352419185,44.26008551631743,438.83708053932133,26.038105210530546,250.0,250.0,250.0,images\20220514_090351-output.jpg,Day
2022-05-14 09:04:14.030535,-51.797042572964074,46.22749251480797,438.8535408177027,24.03117706632736,250.0,250.0,250.0,images\20220514_090411-output.jpg,Day
2022-05-14 09:04:33.799809,-51.77263378485539,48.21690834715581,438.85374386207155,20.735557857830145,250.0,250.0,250.0,images\20220514_090431-output.jpg,Day
2022-05-14 09:04:53.731899,-51.71286596651105,50.175235647513496,438.8377536513574,26.025549615288753,250.0,250.0,250.0,images\20220514_090451-output.jpg,Day
2022-05-14 09:05:13.421176,-51.61663166655745,52.147109673648714,438.80529727341724,21.693394558728755,233.77062834948873,250.0,250.0,images\20220514_090510-output.jpg,Day
2022-05-14 09:05:33.170522,-51.486461390942814,54.08496442415173,438.7572082470191,20.92222009765743,223.62541807783143,250.0,242.9097700044768,images\20220514_090530-output.jpg,Day
2022-05-14 09:05:52.927589,-51.32117512500827,56.01600217408701,438.69304210428055,19.086786050682235,218.4233246879217,250.0,241.2685961506021,images\20220514_090550-output.jpg,Day
2022-05-14 09:06:12.684231,-51.121483764719635,57.932029180143786,438.612993586958,21.657930509010782,216.29303586142686,250.0,245.37595172518945,images\20220514_090610-output.jpg,Day
2022-05-14 09:06:32.475291,-50.88810773000757,59.82857987769972,438.51726821518395,20.654521078422533,209.545336506021,250.0,243.5119296136977,images\20220514_090629-output.jpg,Day
2022-05-14 09:06:52.282696,-50.62073634901911,61.709576558475,438.40563478601365,19.053686953964302,215.56988509550504,250.0,249.80084532012353,images\20220514_090649-output.jpg,Day
2022-05-14 09:07:12.379708,-50.320786750879755,63.56655918844152,438.2785707067831,18.72526584546074,240.7202822086188,250.0,250.0,images\20220514_090709-output.jpg,Day
2022-05-14 09:07:32.569580,-49.98104078357052,65.43924782133566,438.1328432446497,17.385802569971418,250.0,250.0,250.0,images\20220514_090729-output.jpg,Day
2022-05-14 09:07:52.362142,-49.6129937389714,67.26343071435693,437.9732310979573,15.240136208252352,250.0,250.0,250.0,images\20220514_090749-output.jpg,Day
2022-05-14 09:08:12.083067,-49.218742356576556,69.03760216251165,437.8005740090692,17.108348333054437,250.0,250.0,250.0,images\20220514_090809-output.jpg,Day
2022-05-14 09:08:31.860996,-48.796691883173,70.77530103197073,437.6140901065543,15.13612608757137,250.0,250.0,250.0,images\20220514_090829-output.jpg,Day
2022-05-14 09:08:51.612071,-48.34543184342794,72.48528292316698,437.4130463353438,15.41158420170342,243.1716641363023,250.0,250.0,images\20220514_090849-output.jpg,Day
2022-05-14 09:09:11.405589,-47.86697313079326,74.16221350234743,437.198229425095,14.977699849772932,230.11859014909686,250.0,249.75936761977056,images\20220514_090908-output.jpg,Day
2022-05-14 09:09:31.151493,-47.361875840197655,75.80677606176326,436.96979611102876,16.112165242608057,200.83670269191842,247.85338119939271,233.94676218792173,images\20220514_090928-output.jpg,Day
2022-05-14 09:09:51.162026,-46.831281987900766,77.41781448865505,436.72818012168307,16.09730787361599,192.2069706266869,250.0,239.59302556154626,images\20220514_090948-output.jpg,Day
2022-05-14 09:10:11.198135,-46.268451806918115,79.01620649623867,436.47021198674963,16.6497233284029,209.89829030091872,250.0,245.77068126816673,images\20220514_091008-output.jpg,Day
2022-05-14 09:10:31.058180,-45.68163287069605,80.5791488610842,436.1995895783906,13.810341973442291,242.67179815640247,250.0,250.0,images\20220514_091028-output.jpg,Day
2022-05-14 09:10:50.929524,-45.07472754155552,82.09969001496202,435.918094192318,14.085894002675445,246.47975972081645,250.0,250.0,images\20220514_091048-output.jpg,Day
2022-05-14 09:11:10.770007,-44.4484172117177,83.57995400920026,435.62605301843865,15.031723231013132,247.76237222470934,250.0,250.0,images\20220514_091108-output.jpg,Day
2022-05-14 09:11:30.723563,-43.80152928310419,85.02581458261689,435.32294138027476,13.320992216583079,231.4383140555253,250.0,250.0,images\20220514_091128-output.jpg,Day
2022-05-14 09:11:50.467721,-43.130455806659675,86.44713040963542,435.00709116493795,11.702299708766247,220.27206749422558,250.0,246.27040856463458,images\20220514_091147-output.jpg,Day
2022-05-14 09:12:10.300212,-42.4455614040637,87.8245488461078,434.68344157962974,13.052355753884626,232.8327642041031,250.0,250.0,images\20220514_091207-output.jpg,Day
2022-05-14 09:12:30.087388,-41.74172428276343,89.1714415037692,434.3496659038277,13.838963027385603,250.0,250.0,250.0,images\20220514_091227-output.jpg,Day
2022-05-14 09:12:49.875595,-41.02076861488419,90.48651826031302,434.00673180543197,14.110135197813463,250.0,250.0,250.0,images\20220514_091247-output.jpg,Day
2022-05-14 09:13:09.609605,-40.28252069998004,91.77225054490839,433.65468297162687,13.348715954424165,246.57804410133136,250.0,250.0,images\20220514_091307-output.jpg,Day
2022-05-14 09:13:29.327640,-39.53190124957383,93.02251546195085,433.29601953738285,11.993826696694384,222.29119465638948,250.0,248.4390030121068,images\20220514_091326-output.jpg,Day
2022-05-14 09:13:49.117407,-38.76506186132868,94.24602741830617,432.9290767271466,11.891875024274555,223.49434175652704,250.0,243.57294586317866,images\20220514_091346-output.jpg,Day
2022-05-14 09:14:08.880507,-37.98221097067946,95.44415095651196,432.5541445504892,13.945477266170997,207.66067448808784,250.0,240.3938366163189,images\20220514_091406-output.jpg,Day
2022-05-14 09:14:28.672596,-37.185580572090025,96.61523241836585,432.1725054396878,11.45792663932059,209.88622058451415,250.0,241.27038261217947,images\20220514_091426-output.jpg,Day
2022-05-14 09:14:48.397565,-36.37619685027396,97.75964439958254,431.7848855959075,11.853000148839783,218.46159300224488,250.0,248.39581650478823,images\20220514_091445-output.jpg,Day
2022-05-14 09:15:08.160623,-35.55643377073092,98.87600562966068,431.39267370153425,11.774649341323254,231.8289420968286,250.0,250.0,images\20220514_091505-output.jpg,Day
2022-05-14 09:15:27.913700,-34.722794687167344,99.97079855712514,430.9944676007643,10.822715631414837,231.05915233604537,250.0,250.0,images\20220514_091525-output.jpg,Day
2022-05-14 09:15:47.644254,-33.87853309330224,101.04130334788238,430.592110512108,11.604949022526057,225.38873736439842,250.0,245.2754342170144,images\20220514_091545-output.jpg,Day
2022-05-14 09:16:07.386294,-33.02511377006159,102.08739656069373,430.1865990245949,11.82494514682395,218.73925913039812,250.0,241.8394183730406,images\20220514_091604-output.jpg,Day
2022-05-14 09:16:27.206570,-32.158949405343584,103.11494608921504,429.7765480728933,9.965026579221501,205.62018804986764,248.33042402256567,233.6146790330115,images\20220514_091624-output.jpg,Day
2022-05-14 09:16:47.049787,-31.280129844363824,104.12501127036535,429.3623473855976,10.418335135377845,196.04966002283817,247.9478982160931,235.86883690017387,images\20220514_091644-output.jpg,Day
2022-05-14 09:17:06.855500,-30.39168060299016,105.11537130532741,428.94577928664893,11.668898376177594,195.6886116977447,249.50881694111388,235.93119537819217,images\20220514_091704-output.jpg,Day
2022-05-14 09:17:26.630697,-29.497764096260152,106.08291206796177,428.52913926801773,11.69178634008631,194.28192800788958,249.01296994219092,237.30706214964187,images\20220514_091724-output.jpg,Day
2022-05-14 09:17:46.451041,-28.595830677093105,107.03188382182627,428.11158611601206,11.578819280082541,186.00260538318798,250.0,242.9936828074717,images\20220514_091743-output.jpg,Day
2022-05-14 09:18:06.470877,-27.68194293447226,107.9675364106394,427.6916863874841,12.099652793920882,195.08067787001715,250.0,238.9364760945448,images\20220514_091803-output.jpg,Day
2022-05-14 09:18:26.278356,-26.754351354476423,108.89247802009446,427.26907312254446,10.953764763472577,214.61756786567008,250.0,248.0621830961928,images\20220514_091823-output.jpg,Day
2022-05-14 09:18:46.102114,-25.827212881184927,109.79383924979886,426.850573574502,10.792436549050535,230.0505448393543,250.0,250.0,images\20220514_091843-output.jpg,Day
2022-05-14 09:19:05.927906,-24.89288148748305,110.68046162079358,426.43307871457523,12.180568337470731,208.7575874435534,250.0,242.4230219768634,images\20220514_091903-output.jpg,Day
2022-05-14 09:19:25.746453,-23.951723586835037,111.55306364880491,426.0171470465152,10.477870479278295,209.0159183843948,250.0,245.02829142011834,images\20220514_091923-output.jpg,Day
2022-05-14 09:19:45.745231,-23.006942861871202,112.40979143506364,425.6045677468207,11.852090026132885,186.54924579732432,244.8935069390377,237.47115121035762,images\20220514_091942-output.jpg,Day
2022-05-14 09:20:05.568301,-22.046833046811777,113.26207506297969,425.1906780195387,11.811089254318915,185.20081077091766,250.0,233.7256943092754,images\20220514_092002-output.jpg,Day
2022-05-14 09:20:25.552773,-21.08856377922419,114.09559571492274,424.7832878085255,11.37570226077105,188.01596501771255,250.0,241.6236508778418,images\20220514_092022-output.jpg,Day
2022-05-14 09:20:45.338175,-20.118868776834095,114.92288410426116,424.3771369521557,10.26877875199034,196.46610163305823,250.0,250.0,images\20220514_092042-output.jpg,Day
2022-05-14 09:21:05.181325,-19.153210510224447,115.7317303462445,423.9790570907717,10.922599464063467,191.98214025031143,250.0,250.0,images\20220514_092102-output.jpg,Day
2022-05-14 09:21:25.232647,-18.180544579035566,116.53242216650524,423.58480521223953,10.69128827763177,206.17746552378543,250.0,250.0,images\20220514_092122-output.jpg,Day
2022-05-14 09:21:45.078853,-17.192851480079288,117.33215330193674,423.1916405196459,10.951077084034182,207.17756649505606,250.0,250.0,images\20220514_092142-output.jpg,Day
2022-05-14 09:22:04.880351,-16.211595074650738,118.11438159640745,422.80847165183184,10.906230061943859,194.02485434184572,250.0,238.89051226902313,images\20220514_092202-output.jpg,Day
2022-05-14 09:22:24.760976,-15.228651341854134,118.88662862738667,422.4323338134412,10.66023396879666,192.92898982501558,250.0,235.7582938369407,images\20220514_092222-output.jpg,Day
2022-05-14 09:22:44.668968,-14.237804471858253,119.65452863619035,422.0612158096973,11.008624842886093,189.25892825281582,250.0,243.4022644733598,images\20220514_092242-output.jpg,Day
2022-05-14 09:23:04.691398,-13.244514404526356,120.41456487558465,421.6975354160194,10.85847081794617,187.9745501709618,250.0,248.35124052735387,images\20220514_092301-output.jpg,Day
2022-05-14 09:23:24.741047,-12.240116166322942,121.17402604224584,421.3385329453016,11.514829799069616,202.38949667646375,250.0,243.7308637139261,images\20220514_092321-output.jpg,Day
2022-05-14 09:23:44.759371,-11.234774289455347,121.9258922400856,420.988231413144,11.039389722455155,192.5355183678501,250.0,244.91914431511472,images\20220514_092341-output.jpg,Day
2022-05-14 09:24:04.762247,-10.22512467193305,122.67341819887034,420.64575227107935,10.379106797653549,198.74834695026212,250.0,245.40330662663501,images\20220514_092402-output.jpg,Day
2022-05-14 09:24:25.105433,-9.217274551664136,123.41282672823418,420.31341216585844,9.75689363973828,202.99590194513652,250.0,248.06577609194957,images\20220514_092422-output.jpg,Day
2022-05-14 09:24:45.090975,-8.189213160791343,124.16085103182422,419.98442060919155,11.004977521869307,199.29280796643047,250.0,246.26224692301204,images\20220514_092442-output.jpg,Day
2022-05-14 09:25:05.102868,-7.176628849062879,124.89221893813222,419.6704564404921,11.406369810144383,186.66927448289732,249.34836609019777,236.757496407207,images\20220514_092502-output.jpg,Day
2022-05-14 09:25:25.457949,-6.161299827620054,125.62090829005658,419.36585552740496,10.957060329747094,179.9305512301464,239.1802436530027,226.63572140526057,images\20220514_092522-output.jpg,Day
2022-05-14 09:25:45.536580,-5.125898570256033,126.35991630131996,419.06593357593187,11.27601394228742,175.06987414681305,229.4153264656649,214.94897808152962,images\20220514_092542-output.jpg,Day
2022-05-14 09:26:05.320030,-4.106318161740545,127.08429512772598,418.78130480015557,10.570525410464086,159.58219629139415,219.30126197868006,210.76946008350203,images\20220514_092602-output.jpg,Day
2022-05-14 09:26:25.330389,-3.097654532032558,127.79832429879889,418.51031514699264,11.072068762539061,140.75629995847606,195.58813960636613,187.87099318423645,images\20220514_092622-output.jpg,Day
2022-05-14 09:26:45.410153,-2.077770214258433,128.51833238570956,418.2471424933148,11.592006667822545,58.25983983280131,157.36093316107392,187.99523427767832,images\20220514_092642-output.jpg,Day
2022-05-14 09:27:05.797227,-1.0543473179481302,129.23951224356097,417.99411285150103,10.649883670883185,33.61127155675802,134.36955322848542,182.24607631319424,images\20220514_092702-output.jpg,Day
2022-05-14 09:27:26.211370,-0.013300070026799386,129.97242746146836,417.74818599508325,11.06168089858511,54.40037947355445,134.41357001161373,173.2650282962862,images\20220514_092723-output.jpg,Day
2022-05-14 09:27:46.586797,1.0252764760854225,130.7035996897746,417.51444285860526,10.775063962896581,50.06798164512613,126.29530852603031,174.37620597814802,images\20220514_092743-output.jpg,Day
2022-05-14 09:28:06.577745,2.063207813950095,131.43499971162947,417.2924884937305,11.17053533093491,71.50945257351033,89.97781795001558,67.73350417347919,images\20220514_092803-output.jpg,Day
2022-05-14 09:28:26.521255,3.082410345864193,132.15453042156327,417.08591694196207,10.88475253209873,51.445825263741824,65.41851010199315,47.74997810261601,images\20220514_092823-output.jpg,Day
2022-05-14 09:28:46.451368,4.097499058509205,132.87312009535472,416.8914207463375,11.0028319886963,36.57807187856846,42.668939534023664,29.401495023616736,images\20220514_092843-output.jpg,Day
2022-05-14 09:29:06.314491,5.111770402710188,133.59374336638038,416.70830754415834,11.749630358393517,10.995450615721998,22.262115335954533,31.8013578811118,images\20220514_092903-output.jpg,Day
2022-05-14 09:29:26.252940,6.122627504395972,134.31519887160837,416.53698310989654,10.399636638751304,12.047262056537424,13.793772262340392,17.170062585967507,images\20220514_092923-output.jpg,Day
2022-05-14 09:29:46.179040,7.137299792517203,135.04332348033682,416.376222165162,11.413861673890267,9.301763388222776,12.976423613814491,17.745448182679333,images\20220514_092943-output.jpg,Night
2022-05-14 09:30:06.073300,8.14482595000033,135.770915184254,416.22768614123515,11.875696013678066,9.527599827740579,10.296535185041005,11.023605582697497,images\20220514_093003-output.jpg,Night
2022-05-14 09:30:26.296780,9.155660104322955,136.50619956355172,416.08973680299573,11.738165885871638,6.3798318199807955,9.580346976214575,7.675245169599294,images\20220514_093023-output.jpg,Night
2022-05-14 09:30:46.194169,10.17397372791827,137.25302988345408,415.96193497108317,11.24583731276067,9.05370373974878,10.262478264818853,8.787601457879164,images\20220514_093043-output.jpg,Night
2022-05-14 09:31:06.060855,11.177509253519087,137.9957610378135,415.84689443995853,10.912745208638398,8.378762294975605,9.036971299828714,7.043898172298349,images\20220514_093103-output.jpg,Night
2022-05-14 09:31:25.970717,12.177518835424173,138.74329664619532,415.7429561506901,11.238378746186982,8.760272914395827,9.551676204193916,7.676603618421053,images\20220514_093123-output.jpg,Night
2022-05-14 09:31:45.859560,13.176870849222063,139.4985178199645,415.64967114503116,11.555285863297229,51.68738584974826,57.50105756254542,54.37876898584293,images\20220514_093143-output.jpg,Night
2022-05-14 09:32:05.814670,14.172827328944877,140.26011730052014,415.56713535515865,11.322378973920763,98.482093008733,110.77388619361828,99.41667802086577,images\20220514_093203-output.jpg,Night
2022-05-14 09:32:25.800597,15.168881119776422,141.03156932113018,415.49490043786477,11.937501541703853,107.1209074194825,118.0359269162644,106.68288086849891,images\20220514_093223-output.jpg,Night
2022-05-14 09:32:46.143499,16.163052899052303,141.81220145354712,415.4329638269543,12.03972300659592,109.25482168230302,122.02544111063531,109.52996656999376,images\20220514_093243-output.jpg,Night
2022-05-14 09:33:06.237040,17.17094929630181,142.61541655685318,415.38040239025753,11.343923098110281,111.80971680194384,124.53465058263262,111.72741588971505,images\20220514_093303-output.jpg,Night
2022-05-14 09:33:26.223931,18.162522354738933,143.4182169336131,415.33860148324254,11.101692146743062,114.50458628542509,128.34388908893908,113.97493398344233,images\20220514_093323-output.jpg,Night
2022-05-14 09:33:46.206255,19.144451060643057,144.22654460107137,415.3067431869815,11.366597618607386,115.91527010017649,132.35598232475604,116.85405251641492,images\20220514_093343-output.jpg,Night
2022-05-14 09:34:06.228998,20.12304479461939,145.04640051673394,415.28427722580057,11.631799349927007,119.70119944948354,136.38258460500364,119.42458581503685,images\20220514_093403-output.jpg,Night
2022-05-14 09:34:26.217637,21.09677035832339,145.8774463376346,415.27095756432306,12.443601483728912,124.49075605989826,140.37871424238296,123.17747079537787,images\20220514_093423-output.jpg,Night
2022-05-14 09:34:46.230312,22.065097869457915,146.72017455939783,415.26647701604224,12.495897680882763,127.6617213046948,144.44406799867642,126.29566172272398,images\20220514_093443-output.jpg,Night
2022-05-14 09:35:06.219576,23.029887219261116,147.5772346843937,415.2705268281681,12.101562685567558,130.51324082094104,148.1417077039863,129.09651373371483,images\20220514_093503-output.jpg,Night
2022-05-14 09:35:26.193062,23.987027368033086,148.445998393652,415.282757581255,12.491256567341736,139.00953631072875,151.93848781532233,132.71196464951208,images\20220514_093523-output.jpg,Day
2022-05-14 09:35:46.213147,24.935978742532438,149.3269159778117,415.3027706268361,12.420746816992391,141.7610875781818,156.86953660269387,137.5215180320902,images\20220514_093543-output.jpg,Day
2022-05-14 09:36:06.368954,25.884431662344564,150.22835420419887,415.33042511618913,12.332304404977151,148.0550996979783,161.15645579485883,141.08120746230406,images\20220514_093603-output.jpg,Day
2022-05-14 09:36:26.393124,26.827942829033073,151.1475137120405,415.365325499643,11.692411302395385,150.80610839691684,164.69144639520397,143.5170055489593,images\20220514_093623-output.jpg,Day
2022-05-14 09:36:46.368748,27.7597618685531,152.0789280827421,415.40682531169006,12.092005543371442,152.16696187584344,168.59575867947422,147.13731991429202,images\20220514_093643-output.jpg,Day
2022-05-14 09:37:06.356970,28.681696257143805,153.0253860999298,415.4545591463814,12.83333634663802,160.54553033842,173.24024532369202,152.72324119400758,images\20220514_093703-output.jpg,Day
2022-05-14 09:37:26.330212,29.596542403393368,153.99099128222952,415.50828406230386,11.460568214982118,162.60285282362713,179.4967987241124,156.15122718616993,images\20220514_093723-output.jpg,Day
2022-05-14 09:37:46.351774,30.502327297285344,154.97501400859463,415.56751180080323,11.057514483191426,173.4865945431719,184.01092192852695,160.92885844071162,images\20220514_093743-output.jpg,Day
2022-05-14 09:38:06.373993,31.400967034523863,155.98099125441166,415.6320007299859,12.814274142438194,176.98133714347816,188.54151784555694,165.36028171390015,images\20220514_093803-output.jpg,Day
2022-05-14 09:38:26.410154,32.2908538311255,157.00870914264073,415.7012784550346,11.565797524429911,204.19106359649123,213.6754073724437,192.49130308899097,images\20220514_093823-output.jpg,Day
2022-05-14 09:38:46.405595,33.170391667725504,158.05786417234663,415.7748426691549,13.155987652840281,213.67886979491072,223.3583693423648,200.8836664979757,images\20220514_093843-output.jpg,Day
2022-05-14 09:39:06.444958,34.03838768336992,159.12853326878405,415.85220239380936,12.522116215785502,215.77968981139054,227.7306455511004,204.78684538987073,images\20220514_093903-output.jpg,Day
2022-05-14 09:39:26.751024,34.89566777784432,160.22333814743493,415.9330494871382,12.46843519777741,220.90908125064882,231.02493037442906,209.42796470303904,images\20220514_093923-output.jpg,Day
2022-05-14 09:39:46.764879,35.75336766090343,161.35910066457689,416.01815228366695,12.631826983102428,224.23847487964548,234.83161418593636,211.5037249883214,images\20220514_093943-output.jpg,Day
2022-05-14 09:40:06.819532,36.584180413225376,162.50128266443386,416.1044136519539,13.13584884007247,226.52420613872886,237.81864464925258,214.36983688070953,images\20220514_094003-output.jpg,Day
2022-05-14 09:40:26.851311,37.4062192458222,163.67586733707853,416.19327957542225,12.58335056924193,229.30969632383471,239.99692747262017,217.49337239177828,images\20220514_094024-output.jpg,Day
2022-05-14 09:40:46.923639,38.2128925698488,164.8755580930192,416.2836988034069,12.197398777359297,229.48109850254332,242.25749113561454,220.24971918632565,images\20220514_094044-output.jpg,Day
2022-05-14 09:41:07.012375,39.007902923338186,166.10796326208515,416.3757446446407,13.31622474454241,234.2900918798012,244.1316979637055,222.31214822258124,images\20220514_094104-output.jpg,Day
2022-05-14 09:41:26.935716,39.78611507583918,167.3672996685504,416.468490363958,14.367845919160857,228.47675430486348,246.1091298709514,224.20497634271516,images\20220514_094124-output.jpg,Day
2022-05-14 09:41:51.064625,40.65907915737218,168.84916394426017,416.57542233244095,12.894090025531682,241.33887641278676,247.23041400654,227.81537626193813,images\20220514_094147-output.jpg,Day
2022-05-14 09:42:11.286274,41.438261985518196,170.24076553556833,416.6732492590348,13.861265302572974,238.31937212900965,249.35875579064157,228.4756764669625,images\20220514_094208-output.jpg,Day
2022-05-14 09:42:32.278251,42.1708312321432,171.61556064646902,416.76709602033884,13.563231705686746,238.48778470654258,250.0,230.99004317839717,images\20220514_094228-output.jpg,Day
2022-05-14 09:42:53.319538,42.908285321065435,173.07247072737036,416.8632296987354,13.658529920081378,237.12482522643515,250.0,228.10282180233312,images\20220514_094249-output.jpg,Day
2022-05-14 09:43:13.671759,43.62640331072227,174.57045600169607,416.95827483901684,13.457195580143264,241.591691037644,250.0,231.46277160866293,images\20220514_094310-output.jpg,Day
2022-05-14 09:43:33.902338,44.29810664529989,176.05185443609116,417.0482992775697,13.944513355724382,242.10874686948512,250.0,231.74566999506905,images\20220514_094330-output.jpg,Day
2022-05-14 09:43:53.862448,44.94440706348858,177.5605538541613,417.1357961145855,14.278837455218195,245.0337625220596,250.0,230.3873811458658,images\20220514_094351-output.jpg,Day
2022-05-14 09:44:13.974894,45.56129976801724,179.08773001217685,417.2199744789508,14.795675308392106,240.79222322517649,250.0,231.9377802054137,images\20220514_094411-output.jpg,Day
2022-05-14 09:44:34.065737,46.158749516647894,-179.33989313228747,417.3019784048564,14.203683176233199,240.60060570597165,247.80773873825652,230.3091995776238,images\20220514_094431-output.jpg,Day
2022-05-14 09:44:54.250952,46.73167390260041,-177.73203697484814,417.3809195627553,14.83466885836367,234.10396046630072,243.46034809541422,226.8346490011549,images\20220514_094451-output.jpg,Day
2022-05-14 09:45:14.190151,47.27983912971587,-176.08636377203868,417.4565857495557,14.337236426395407,229.42122517485467,235.09256409445396,217.70759409387006,images\20220514_094511-output.jpg,Day
2022-05-14 09:45:34.250287,47.79681799195262,-174.420675004444,417.5279255419387,14.78963229852394,211.4845627497924,223.08915580718622,203.87342196907764,images\20220514_094531-output.jpg,Day
2022-05-14 09:45:54.320567,48.289496439687845,-172.71054063728565,417.5957409182683,14.690575772538523,190.81575642485467,207.38718204187427,184.1844232147955,images\20220514_094551-output.jpg,Day
2022-05-14 09:46:14.485279,48.75297438428297,-170.96931564675037,417.65922235277213,15.483386565353157,169.80418487393595,188.97943632889547,164.796558907207,images\20220514_094611-output.jpg,Day
2022-05-14 09:46:34.506254,49.189763143926726,-169.18369354740992,417.71858965855324,14.690418678187598,148.52915738055384,168.71476001278157,144.8525586282181,images\20220514_094631-output.jpg,Day
2022-05-14 09:46:54.545289,49.59229243420092,-167.3824023579031,417.7727083112347,14.86052453946678,125.10871382065557,148.58691375836966,126.56163343130386,images\20220514_094651-output.jpg,Day
2022-05-14 09:47:14.456983,49.964191059357056,-165.54831453372904,417.82197813540006,14.411005884526162,106.84246494796533,130.77776304435275,113.21939779760979,images\20220514_094711-output.jpg,Day
2022-05-14 09:47:34.462565,50.30216150580904,-163.69607668202516,417.86588366987485,16.105282119472008,100.40164810255112,116.06429031389494,105.20358849462784,images\20220514_094731-output.jpg,Day
2022-05-14 09:47:58.433484,50.6573743179355,-161.48728013578994,417.9107190482821,14.849603066983946,92.876669878283,103.38302579674037,96.68509189602149,images\20220514_094755-output.jpg,Night
2022-05-14 09:48:19.988033,50.94779357241294,-159.39144451370896,417.9458575851987,15.9835374126111,91.13848230042562,94.86526417977265,96.63341062298869,images\20220514_094816-output.jpg,Night
2022-05-14 09:48:44.253815,51.21231989036928,-157.12414712847166,417.9759219010121,14.928204883952446,86.88861895632202,92.1904898039292,92.82863674997404,images\20220514_094840-output.jpg,Night
2022-05-14 09:49:04.560150,51.410626423954234,-155.04521969922445,417.9963589551451,16.482528835257426,87.91112034315633,93.97881772779768,94.448880759823,images\20220514_094901-output.jpg,Night
2022-05-14 09:49:24.746539,51.56226106242221,-153.0453009295105,418.0096788913788,15.421503343925565,94.50289815932211,98.60542759102825,100.41895960662566,images\20220514_094921-output.jpg,Night
2022-05-14 09:49:44.982867,51.67631764109061,-151.04115244229064,418.01686028144996,14.431866989798664,91.93040403106508,107.27761138469324,104.9032770246159,images\20220514_094941-output.jpg,Night
2022-05-14 09:50:05.918124,51.75336775842813,-149.02003422280694,418.0179011155599,16.278582801735467,100.87475710124053,117.32639287637548,111.76842239080506,images\20220514_095002-output.jpg,Night
2022-05-14 09:50:26.189122,51.793293265715505,-146.92660432881775,418.01244516010183,15.886820226416432,109.79844127121612,129.3623068164123,122.21078320454427,images\20220514_095023-output.jpg,Night
2022-05-14 09:50:46.570663,51.79327801876738,-144.88247760857857,418.0007103300165,15.455691855816042,122.11500830478563,142.37118417808574,131.85368837102928,images\20220514_095043-output.jpg,Night
2022-05-14 09:51:06.766406,51.755170197362226,-142.8540162123948,417.98279266648035,15.880101027820444,133.7519758333982,155.04250343059016,140.60599509823004,images\20220514_095103-output.jpg,Night
2022-05-14 09:51:27.036090,51.67948960405901,-140.8367326553166,417.9587406205941,15.757427415232428,145.2075819286567,165.52060138326584,149.63841681102718,images\20220514_095124-output.jpg,Night
2022-05-14 09:51:47.242667,51.56634858192655,-138.82729068931624,417.92854549681323,14.949728517574442,156.4467181904002,173.4786143659815,156.46971287663501,images\20220514_095144-output.jpg,Day
2022-05-14 09:52:07.430077,51.41585098102581,-136.8268950548656,417.89222712042016,15.782229539656043,160.579471486362,178.29217314504828,160.5205500866163,images\20220514_095204-output.jpg,Day
2022-05-14 09:52:27.460939,51.22959181167881,-134.8515414004769,417.8501411305023,15.610549319773156,163.74567952448615,179.63235326319682,161.11841152321446,images\20220514_095224-output.jpg,Day
2022-05-14 09:52:47.520489,51.00875758767644,-132.9049453669799,417.8025110079859,16.760737808077693,162.28610574490034,178.3572172966625,160.61513482300427,images\20220514_095244-output.jpg,Day
2022-05-14 09:53:07.600479,50.752478531256266,-130.97510213277343,417.74913710937466,15.44964201575874,159.143924611362,175.35024926522112,157.57556746665108,images\20220514_095304-output.jpg,Day
2022-05-14 09:53:27.543631,50.46187986027104,-129.0686709528815,417.6902641097061,16.370221742282183,155.9220262541524,171.47567504768762,154.67637410139622,images\20220514_095324-output.jpg,Day
2022-05-14 09:53:47.557572,50.1405924031576,-127.20365074423958,417.62662318511883,15.443844892700668,151.8412480211253,167.52799215587044,151.02779994549985,images\20220514_095344-output.jpg,Day
2022-05-14 09:54:07.574289,49.78486606430754,-125.3547680485882,417.55749089284245,15.916446171941345,143.90128071310858,163.27123924595142,146.18367099910466,images\20220514_095404-output.jpg,Day
2022-05-14 09:54:27.869269,49.39736674584118,-123.5349617133776,417.4834320465594,16.66383449922813,146.4554000976461,158.73927676995743,144.19449459215716,images\20220514_095424-output.jpg,Night
2022-05-14 09:54:48.010935,48.97137420350694,-121.7146210875171,417.40324287903223,16.462987664042032,141.7585604578662,155.63498723463616,142.57148826786826,images\20220514_095445-output.jpg,Night
2022-05-14 09:55:08.065199,48.52295983428633,-119.95946145521803,417.3200104101751,16.567190737567046,137.87476196732587,152.71958595290928,139.623357493447,images\20220514_095505-output.jpg,Night
2022-05-14 09:55:28.245942,48.04202950777101,-118.22470108714191,417.23192121254584,16.175802115105114,134.8303344054941,149.95564421292693,138.55595531798247,images\20220514_095525-output.jpg,Night
2022-05-14 09:55:48.295412,47.53517726564025,-116.5319339349495,417.1402812476085,16.455474455955027,136.02451290485828,146.82512363911815,136.14891660665162,images\20220514_095545-output.jpg,Night
2022-05-14 09:56:08.358545,47.00242580730642,-114.87720659023061,417.0451928701924,16.346249485842748,136.08103573004254,144.68207532862297,136.144220631553,images\20220514_095605-output.jpg,Night
2022-05-14 09:56:29.095349,46.442075190717865,-113.25264144962327,416.94648103748136,16.37156558200138,138.80047367285633,141.35127986154367,134.21922038824871,images\20220514_095625-output.jpg,Night
2022-05-14 09:56:49.107273,45.837977304361004,-111.61425468407329,416.841518713502,16.76345622336737,132.1101679691555,138.9871886110895,134.29615644139938,images\20220514_095646-output.jpg,Night
2022-05-14 09:57:09.124343,45.23128667362508,-110.07003074294754,416.73761071999263,19.09024895659138,130.82727485434185,135.96817113859908,131.7350992357002,images\20220514_095706-output.jpg,Night
2022-05-14 09:57:29.117723,44.60154459862636,-108.55992219743348,416.6313545356224,16.407268688340366,130.43409576780337,132.2475353277795,127.44439017407609,images\20220514_095726-output.jpg,Night
2022-05-14 09:57:49.183894,43.94934629262968,-107.0829477966449,416.5230501824164,17.6568688724671,126.05168715288592,128.154956432316,126.3283157910957,images\20220514_095746-output.jpg,Night
2022-05-14 09:58:09.208994,43.27557815091651,-105.63880062420954,416.4130640598114,17.262488627148684,124.0775743213433,124.75450761704558,123.52685754697393,images\20220514_095806-output.jpg,Night
2022-05-14 09:58:29.331373,42.58172559820903,-104.22828238545458,416.3018733385881,16.837618417375324,121.18219414220647,121.50190953298556,121.50247237685561,images\20220514_095826-output.jpg,Night
2022-05-14 09:58:49.393356,41.86568955800832,-102.845141452078,416.1894052657238,18.296956635440267,118.58798977148864,118.92188939550245,119.71565030364373,images\20220514_095846-output.jpg,Night
2022-05-14 09:59:09.458491,41.13414115801917,-101.49990366978012,416.07697464904425,16.06645932422964,117.08692470706167,116.66623054376882,118.22928750778574,images\20220514_095906-output.jpg,Night
2022-05-14 09:59:29.491579,40.38444836936741,-100.18510927028994,415.9644477276924,18.314715127282284,115.88627025913526,114.68153215184782,115.84804715885498,images\20220514_095926-output.jpg,Night
2022-05-14 09:59:49.591825,39.61852973758631,-98.90190864291893,415.85240987706214,17.178176772034078,114.01100526023825,112.54466255320253,114.00678312019879,images\20220514_095946-output.jpg,Night
2022-05-14 10:00:09.652589,38.836805047074606,-97.64877242785239,415.7412295557387,18.348806308977146,109.89292138676944,109.81813675159607,110.19155527386329,images\20220514_100006-output.jpg,Night
2022-05-14 10:00:29.575925,38.039249035117464,-96.42362083690172,415.6312301800388,18.55048984233656,106.3767481411554,107.84340025011679,112.329389371172,images\20220514_100026-output.jpg,Night
2022-05-14 10:00:50.018364,37.233536342955034,-95.23570576647064,415.52376688496514,15.853393280618377,102.5213700219947,106.07684177274733,108.99056384952766,images\20220514_100046-output.jpg,Night
2022-05-14 10:01:11.926325,36.319566856262135,-93.94321624372061,415.40650190176984,16.93902623598251,101.09247670767154,104.07436919313817,106.85947232170663,images\20220514_100109-output.jpg,Night
2022-05-14 10:01:32.844245,35.47774254744213,-92.79991004537102,415.3030301038484,17.988491632144132,100.43766787994394,102.12498418522267,106.51231443994602,images\20220514_100129-output.jpg,Night
2022-05-14 10:01:59.699501,34.30412609539009,-91.27417525093291,415.166358737766,19.547098112058734,95.98193080588862,97.9567027892401,101.81060060469221,images\20220514_100156-output.jpg,Night
2022-05-14 10:02:19.971114,33.4328337372266,-90.18813069734986,415.0708435291179,17.39823180671351,89.46576708969168,91.76307800983597,94.72045434638743,images\20220514_100216-output.jpg,Night
2022-05-14 10:02:46.172058,32.28549992864364,-88.81277807943913,414.9531406613371,17.109027936876828,87.1187598538228,89.01569190867332,91.77529005923647,images\20220514_100243-output.jpg,Night
2022-05-14 10:03:15.244372,31.363561413205577,-87.74882872090956,414.8654651793047,19.960206736081318,84.12749204395048,86.1604873465561,88.69662066594,images\20220514_100315-output.jpg,Night
2022-05-14 10:03:35.194257,30.074447281126005,-86.31687389616947,414.75361440706365,18.318067042617486,80.65847663954635,83.18495483461797,86.38178028164901,images\20220514_100332-output.jpg,Night
2022-05-14 10:03:55.436223,29.164704336127404,-85.34207115651775,414.68249234309576,19.753199070263918,78.86822945052164,81.12699306745043,85.22393623319579,images\20220514_100352-output.jpg,Night
2022-05-14 10:04:15.541511,28.233896313535507,-84.37272558470265,414.61664332741134,19.018852989197285,76.22012142504931,78.35499349566594,81.52026237932108,images\20220514_100412-output.jpg,Night
2022-05-14 10:04:35.734102,27.302385779767395,-83.42894869005671,414.5579519776801,21.097566421577312,74.6085345865125,76.34569866442177,79.49634942223346,images\20220514_100432-output.jpg,Night
2022-05-14 10:04:55.789088,26.358682719440942,-82.49769046934432,414.50604627048614,18.54819489877542,69.58247933535762,72.59332725883681,72.91342037948978,images\20220514_100452-output.jpg,Night
2022-05-14 10:05:15.932779,25.41343647953901,-81.58819104278092,414.46187595884504,19.515969524916443,62.16097152204661,63.72862369264507,65.31393285937662,images\20220514_100513-output.jpg,Night
2022-05-14 10:05:36.082979,24.45869899582685,-80.69150984631248,414.42540420573357,18.677384511831633,50.3559675237465,52.672624377141084,50.20181642855289,images\20220514_100533-output.jpg,Night
2022-05-14 10:05:56.693895,23.49748129518797,-79.80942941461521,414.3971456453482,20.639798605666556,43.2027146268037,46.002713248079516,42.31856334507682,images\20220514_100553-output.jpg,Night
2022-05-14 10:06:16.839229,22.505384812097297,-78.91920492057046,414.3770823069466,22.341842473246004,40.86259249617201,42.68468436137496,42.366706568566386,images\20220514_100613-output.jpg,Night
2022-05-14 10:06:37.004245,21.531084641770292,-78.06346326955298,414.36656955836446,20.683925042799444,42.62126122443683,42.874993511886224,44.10242258058237,images\20220514_100634-output.jpg,Night
2022-05-14 10:06:57.977718,20.552883466368517,-77.22140507612433,414.36536004053994,21.910340149788567,37.18166353615177,37.60381184794456,37.73773726221063,images\20220514_100654-output.jpg,Night
2022-05-14 10:07:18.773115,19.52818323714494,-76.3563456116392,414.3743243443121,20.853755988964508,26.902938628931796,29.553206182523617,30.128221348489568,images\20220514_100715-output.jpg,Day
2022-05-14 10:07:39.674602,18.50776572554811,-75.51090607585766,414.3938391714607,20.30161886438634,26.47862207061663,27.859999278197343,33.95260047655196,images\20220514_100735-output.jpg,Day
2022-05-14 10:08:00.537656,17.47681732032273,-74.67170083631484,414.4244644099104,23.38112917999706,26.374481356405063,29.053455569396863,36.51297926885446,images\20220514_100756-output.jpg,Day
2022-05-14 10:08:20.712917,16.444495693493437,-73.84525319148885,414.46628623240616,24.294569651290544,24.68868732482093,35.00206261191997,48.10786833832918,images\20220514_100817-output.jpg,Day
2022-05-14 10:08:40.993140,15.436624154364761,-73.05069881187444,414.51803789417374,23.17554048597964,23.0440792312234,44.72832442839717,64.99695301956815,images\20220514_100838-output.jpg,Day
2022-05-14 10:09:01.777555,14.430264931435271,-72.26848832506344,414.5806127152367,26.090475685991635,23.242392078337485,52.75244297759006,79.56866086953701,images\20220514_100858-output.jpg,Day
2022-05-14 10:09:22.618016,13.389585546534365,-71.47033185786988,414.6569079745997,24.938151056024196,22.396478697900445,61.11152844551282,95.68567846205751,images\20220514_100919-output.jpg,Day
2022-05-14 10:09:42.972677,12.344802648416843,-70.67902983888466,414.74547599598884,27.392985930523878,79.22280811241306,84.25008637301462,56.3220474621743,images\20220514_100939-output.jpg,Day
2022-05-14 10:10:03.328506,11.320445642264755,-69.91202078915533,414.84406395452817,24.147536169027717,99.06718218785684,106.92446193261445,82.44155628763107,images\20220514_101000-output.jpg,Day
2022-05-14 10:10:23.697824,10.293053786296975,-69.1506557861522,414.9547221585935,24.867301503763656,132.90633921156441,145.88813011749974,124.70033916614761,images\20220514_101020-output.jpg,Day
2022-05-14 10:10:43.969357,9.264510092213655,-68.3955574044701,415.0773969443477,28.68278860810534,152.71948275134952,183.8933469664824,178.41169697426812,images\20220514_101040-output.jpg,Day
2022-05-14 10:11:04.224565,8.238071080861953,-67.64831720701599,415.21174660136086,27.662660581976183,167.2479905095116,213.11441626440364,200.03796905007528,images\20220514_101101-output.jpg,Day
2022-05-14 10:11:24.368777,7.208888969676948,-66.90464655070298,415.3584662613242,28.348734301083766,179.49149347457958,235.39487552553723,219.07803092235025,images\20220514_101121-output.jpg,Day
2022-05-14 10:11:45.464437,6.186864621634399,-66.17092989735717,415.5161023248378,30.602389368675347,209.1447392751479,250.0,246.42218987627166,images\20220514_101141-output.jpg,Day
2022-05-14 10:12:05.744710,5.112201694799111,-65.40378365321283,415.69470992313757,26.42385551183264,202.82156957204398,250.0,237.63140721510692,images\20220514_101202-output.jpg,Day
2022-05-14 10:12:25.854785,4.081300854806711,-64.67134277213152,415.87843255494386,29.398145055732016,199.44154635270684,249.85050919527924,232.50919426548063,images\20220514_101222-output.jpg,Day
2022-05-14 10:12:45.951454,3.0577430063076685,-63.94677876982876,416.07283993250985,31.636780537338723,195.98452706516662,248.8186677631579,237.62349029702585,images\20220514_101243-output.jpg,Day
2022-05-14 10:13:06.453711,2.031584711316103,-63.22235777803906,416.27971483094456,31.935328105960025,208.4709987396839,250.0,250.0,images\20220514_101303-output.jpg,Day
2022-05-14 10:13:26.422145,0.9877216745716663,-62.48678618991504,416.502421757269,31.147339426699375,203.17391632279663,250.0,250.0,images\20220514_101323-output.jpg,Day
2022-05-14 10:13:46.484333,-0.03178752671664532,-61.769022678849986,416.7318194055163,32.94972731092275,205.24886214704662,250.0,250.0,images\20220514_101343-output.jpg,Day
2022-05-14 10:14:09.905686,-1.0547761917478413,-61.0487940346667,416.97374086548143,32.32695749259017,204.92281172142637,250.0,243.92449781999377,images\20220514_101410-output.jpg,Day
2022-05-14 10:14:29.723713,-2.2477350203976716,-60.208006507204864,417.2706052275534,34.687149850855576,201.04876263560158,250.0,246.7099148110661,images\20220514_101427-output.jpg,Day
2022-05-14 10:14:49.646543,-3.258640122481018,-59.49403987873039,417.5344884818535,32.777599713649295,203.10625097321707,250.0,250.0,images\20220514_101446-output.jpg,Day
2022-05-14 10:15:09.479944,-4.274928552739271,-58.77420836216666,417.81105860988265,32.481541748980476,204.27597881306446,250.0,250.0,images\20220514_101506-output.jpg,Day
2022-05-14 10:15:32.281628,-5.43059865846969,-57.95230348343019,418.1391494137009,31.431314786726432,215.37799345349322,250.0,250.0,images\20220514_101529-output.jpg,Day
2022-05-14 10:15:52.199646,-6.440512313479722,-57.23039947770113,418.437550462414,33.000523427780195,202.3511284046377,250.0,250.0,images\20220514_101549-output.jpg,Day
2022-05-14 10:16:12.041542,-7.449563612059072,-56.5049992992995,418.74643134611324,32.673056838213085,208.8986124763184,250.0,245.88615144555175,images\20220514_101609-output.jpg,Day
2022-05-14 10:16:31.957012,-8.464643278285857,-55.77042301688687,419.06782121578186,34.758409214466326,220.45571477116422,250.0,248.11543469551282,images\20220514_101629-output.jpg,Day
2022-05-14 10:16:51.789391,-9.461631853372383,-55.04351695780363,419.3937233856306,35.49846021103724,211.80934779047283,250.0,243.59556322504673,images\20220514_101649-output.jpg,Day
2022-05-14 10:17:17.669380,-10.766534053064996,-54.08281282539253,419.83530856127635,36.84458804360918,193.97310190231497,241.76734151160076,234.21387235771564,images\20220514_101715-output.jpg,Day
2022-05-14 10:17:37.414915,-11.763588311438028,-53.34071984819247,420.1839541122502,34.449974947021474,194.1064667030001,250.0,235.0083810209696,images\20220514_101734-output.jpg,Day
2022-05-14 10:17:57.259109,-12.755593291720764,-52.59464557539013,420.54026897200526,34.82265738889407,197.23474543074587,250.0,244.6088360810495,images\20220514_101754-output.jpg,Day
2022-05-14 10:18:17.178417,-13.749925863214969,-51.83828518154503,420.90664664273294,34.92969328337733,205.11944009200147,250.0,250.0,images\20220514_101814-output.jpg,Day
2022-05-14 10:18:36.979418,-14.742024552201297,-51.07428558526715,421.28117989890137,36.05117960924218,236.62030605243694,250.0,250.0,images\20220514_101834-output.jpg,Day
2022-05-14 10:18:56.821470,-15.726455384868494,-50.30612182940376,421.6614481215549,34.835781597384255,246.89895492707362,250.0,250.0,images\20220514_101854-output.jpg,Day
2022-05-14 10:19:16.675648,-16.709843999745612,-49.52787193263057,422.04965278030016,38.762805690872256,210.78688817087098,250.0,246.19132170176738,images\20220514_101914-output.jpg,Day
2022-05-14 10:19:36.531549,-17.692030154094834,-48.73877077339705,422.4454497253816,35.55795115870802,213.56274675107701,250.0,240.4269008551334,images\20220514_101933-output.jpg,Day
2022-05-14 10:19:56.283591,-18.665451852935853,-47.94410643608453,422.84541162696365,36.22545188591505,204.70351611160854,245.8639343192022,234.8999214532726,images\20220514_101953-output.jpg,Day
2022-05-14 10:20:22.485034,-19.937624805727758,-46.88493758755019,423.3792344847052,35.55896885689435,194.39982960591198,250.0,238.69509960876672,images\20220514_102019-output.jpg,Day
2022-05-14 10:20:59.307677,-21.32936502010022,-45.69678631227668,423.9769756390883,34.64920473492157,206.69183669579832,250.0,250.0,images\20220514_102059-output.jpg,Day
2022-05-14 10:21:20.613567,-22.711017592067595,-44.48346291777705,424.58378866800047,37.37288951553137,206.38786268556004,250.0,244.02472721536643,images\20220514_102117-output.jpg,Day
2022-05-14 10:21:49.884763,-24.13536623465261,-43.19338316351659,425.22243085044295,34.83331589909386,199.69336930992424,250.0,242.13810335403042,images\20220514_102146-output.jpg,Day
2022-05-14 10:22:11.216055,-25.09533939321891,-42.29913218697961,425.65986756942533,33.762308086290034,192.52362646631371,246.22476225118083,240.320621293665,images\20220514_102207-output.jpg,Day
2022-05-14 10:22:37.775980,-26.361833974225263,-41.08579718438412,426.24502206279595,36.45818375169404,187.79527243589743,250.0,240.76519921753348,images\20220514_102234-output.jpg,Day
2022-05-14 10:23:01.528958,-27.518138699735754,-39.94159778344394,426.7866982548607,36.059061647544354,194.86858284996885,250.0,241.89427131994188,images\20220514_102258-output.jpg,Day
2022-05-14 10:23:23.667922,-28.53168475116048,-38.907329077118014,427.2668778133869,33.581833997850765,201.78776812130178,250.0,238.6290159396735,images\20220514_102320-output.jpg,Day
2022-05-14 10:23:43.534949,-29.44182582041194,-37.95146668409587,427.70201931608847,35.25940017499221,191.24262747521541,250.0,242.16371781895566,images\20220514_102340-output.jpg,Day
2022-05-14 10:24:04.407548,-30.340006717602225,-36.98097477012549,428.13482214975255,32.341703871008235,186.59231734337695,248.70745723522006,240.22960360057874,images\20220514_102400-output.jpg,Day
2022-05-14 10:24:24.531141,-31.274359915170447,-35.940425679545946,428.5883209517566,33.74816959470809,191.07684927462887,247.35165657764975,238.24343260958426,images\20220514_102421-output.jpg,Day
2022-05-14 10:24:44.752583,-32.168396601176376,-34.91278156444996,429.0250844703009,35.44483981095806,179.41991842818953,243.24351411651352,233.7910397526731,images\20220514_102441-output.jpg,Day
2022-05-14 10:25:05.616016,-33.05402549400619,-33.86136803321384,429.4601957580781,33.65552490880606,195.2291027992967,248.00203665946486,236.15734101688207,images\20220514_102502-output.jpg,Day
2022-05-14 10:25:25.662970,-33.95522205421606,-32.754400750965104,429.9051830604764,32.90242142073129,191.6116178598308,246.344659957957,239.7089892410853,images\20220514_102522-output.jpg,Day
2022-05-14 10:25:45.768646,-34.810397368035105,-31.666384044611497,430.3292644287506,34.39779571685722,187.69144436766845,250.0,242.58773227447318,images\20220514_102542-output.jpg,Day
2022-05-14 10:26:05.927721,-35.65911210184043,-30.54720427250445,430.7516450961458,33.07320347073829,195.6089591524577,247.00605442392038,240.12709789103863,images\20220514_102603-output.jpg,Day
2022-05-14 10:26:26.726491,-36.49425329547711,-29.404198776100824,431.1684974658305,32.879646154943885,192.19953849235702,241.81267963965016,235.02270738444668,images\20220514_102623-output.jpg,Day
2022-05-14 10:26:47.540999,-37.34326594776284,-28.19583802776521,431.59328318408166,34.170930983575204,192.17135899220128,241.97289975702012,232.76327265324923,images\20220514_102643-output.jpg,Day
2022-05-14 10:27:08.353899,-38.178802018570885,-26.956602166865384,432.0120879016794,33.79641122081591,187.22293118382123,240.38686371879214,230.99242228861726,images\20220514_102704-output.jpg,Day
2022-05-14 10:27:29.131323,-38.99880600571786,-25.687263488128146,432.4236212074141,30.29675206369558,194.38903662864632,244.52832325242656,235.13775623994343,images\20220514_102725-output.jpg,Day
2022-05-14 10:27:49.646781,-39.80104308646051,-24.38919289287164,432.82652525124416,29.605526674406576,199.08360360382278,249.52454169586318,236.08973365481938,images\20220514_102746-output.jpg,Day
2022-05-14 10:28:10.378186,-40.576855446012466,-23.075322666419936,433.21624318443054,30.982171792190115,192.11877952091768,244.681309933951,234.08103532453543,images\20220514_102806-output.jpg,Day
2022-05-14 10:28:30.493564,-41.34144905066698,-21.717888263245396,433.6002372742369,30.043051517164656,195.26218325839562,244.79495958716132,235.14940017388145,images\20220514_102827-output.jpg,Day
2022-05-14 10:28:50.653475,-42.07064002008455,-20.3588608833625,433.9662221584251,28.808310409577246,206.8824777538799,245.15872805395514,235.4227391356535,images\20220514_102847-output.jpg,Day
2022-05-14 10:29:11.460417,-42.775217468590235,-18.97891611444499,434.3195135926358,31.251598849285017,207.48608421247275,250.0,236.17257267498442,images\20220514_102907-output.jpg,Day
2022-05-14 10:29:32.231709,-43.48622178411719,-17.511659943271578,434.67557249082427,29.39906371617542,215.52974475760408,250.0,244.51999170332448,images\20220514_102928-output.jpg,Day
2022-05-14 10:29:52.240427,-44.174167392233294,-16.011256937098047,435.01954803308536,28.534235408752124,217.34002561993924,250.0,245.85449796597632,images\20220514_102949-output.jpg,Day
2022-05-14 10:30:12.123050,-44.81394959508533,-14.534942453736848,435.338891969976,30.051623404573036,220.7002039295261,250.0,250.0,images\20220514_103009-output.jpg,Day
2022-05-14 10:30:42.907683,-45.75751508484632,-12.191067077075882,435.8087792931633,28.99160195104912,250.0,250.0,250.0,images\20220514_103040-output.jpg,Day
2022-05-14 10:31:08.085906,-46.33743043455022,-10.634447197380721,436.0968818169735,29.792984631272134,250.0,250.0,250.0,images\20220514_103108-output.jpg,Day
2022-05-14 10:31:27.915914,-47.03777629475384,-8.612376714974856,436.44409929929935,29.387250904005896,250.0,250.0,250.0,images\20220514_103125-output.jpg,Day
2022-05-14 10:32:00.478933,-47.569641250608534,-6.953079820286616,436.7072854812388,27.422768970399716,250.0,250.0,250.0,images\20220514_103200-output.jpg,Day
2022-05-14 10:32:20.305838,-48.360631995853886,-4.238418505735465,437.0980137176318,26.037014087810633,250.0,250.0,250.0,images\20220514_103217-output.jpg,Day
2022-05-14 10:32:40.136715,-48.81363910353026,-2.516856366777349,437.3215350004486,27.40663094093827,250.0,250.0,250.0,images\20220514_103237-output.jpg,Day
2022-05-14 10:32:59.775087,-49.235256805440784,-0.7750050665517297,437.52952941030304,27.30729779229148,250.0,250.0,250.0,images\20220514_103257-output.jpg,Day
2022-05-14 10:33:19.586664,-49.6256559338213,0.9878441739564573,437.7222302321577,27.135668798827396,250.0,250.0,250.0,images\20220514_103316-output.jpg,Day
2022-05-14 10:33:40.035928,-49.98923405733002,2.795025726689242,437.9019653780216,24.41929232062961,250.0,250.0,250.0,images\20220514_103336-output.jpg,Day
2022-05-14 10:33:59.838261,-50.33073532942364,4.683079252411975,438.0712671136839,25.447782205850103,250.0,250.0,250.0,images\20220514_103357-output.jpg,Day
2022-05-14 10:34:19.571088,-50.63027249327114,6.544847362135366,438.22044319894906,22.5742430748503,247.81796603310238,250.0,250.0,images\20220514_103417-output.jpg,Day
2022-05-14 10:34:39.353396,-50.89514308786362,8.416077049825546,438.3532473999843,25.535946287656657,237.5856893296481,250.0,250.0,images\20220514_103436-output.jpg,Day
2022-05-14 10:34:59.235318,-51.12812688543306,10.318068737578736,438.4712228803625,25.669384278376583,230.032556341158,250.0,250.0,images\20220514_103456-output.jpg,Day
2022-05-14 10:35:18.971449,-51.32799301323301,12.247598188024414,438.5739113137881,23.916342803359214,208.13432666355237,250.0,243.93547874980533,images\20220514_103516-output.jpg,Day
2022-05-14 10:35:41.152517,-51.50636744408493,14.371608191092475,438.6677011366932,24.054092350992732,190.16394895800892,243.6696102427852,233.85263831036542,images\20220514_103538-output.jpg,Day
2022-05-14 10:36:07.650192,-51.666983169859584,16.98324461305781,438.7560734660254,23.709420514906412,190.7243269392972,247.4331910814388,238.55482800821395,images\20220514_103604-output.jpg,Day
2022-05-14 10:36:36.440867,-51.762916170145154,19.558851262147797,438.81472984327695,21.10061610104168,201.4106978047467,250.0,242.64334128938285,images\20220514_103636-output.jpg,Day
2022-05-14 10:37:08.757357,-51.79462533420566,23.09763121775671,438.8498822163639,20.522097370794313,197.9743510669703,250.0,244.33576597049208,images\20220514_103706-output.jpg,Day
2022-05-14 10:37:29.354858,-51.76231498074324,25.06387347384478,438.8467979357843,19.798360281056034,206.0654155961279,250.0,244.20373346342,images\20220514_103725-output.jpg,Day
2022-05-14 10:38:01.419852,-51.69070148169689,27.109806480972885,438.82637578058285,21.187805173344202,216.17352480568098,250.0,250.0,images\20220514_103801-output.jpg,Day
2022-05-14 10:38:21.504220,-51.503235002988156,30.26976162446303,438.7599302138057,19.089857928261438,231.3585733124416,250.0,250.0,images\20220514_103818-output.jpg,Day
2022-05-14 10:38:42.076961,-51.33849401242421,32.23932398792158,438.69667427578463,19.813000791541924,219.7847026902964,250.0,246.77059408413785,images\20220514_103838-output.jpg,Day
2022-05-14 10:39:03.032564,-51.133610111664645,34.232373531220034,438.6151528346581,18.96917019317459,220.89527636931643,250.0,250.0,images\20220514_103859-output.jpg,Day
2022-05-14 10:39:23.780300,-50.886711202861825,36.24668354206483,438.51438115437185,18.104847319749922,245.98700674115022,250.0,250.0,images\20220514_103920-output.jpg,Day
2022-05-14 10:39:44.463488,-50.606042914790756,38.213620046645104,438.39758635795823,18.522453623340937,250.0,250.0,250.0,images\20220514_103940-output.jpg,Day
2022-05-14 10:40:04.622994,-50.289681250435144,40.15466650653354,438.26388029106647,18.26869160510745,244.111609546935,250.0,250.0,images\20220514_104001-output.jpg,Day
2022-05-14 10:40:24.669619,-49.94840308137969,42.01632390080608,438.11776619807415,19.401773884635702,220.2550696499014,250.0,250.0,images\20220514_104021-output.jpg,Day
2022-05-14 10:40:44.772634,-49.577079098946754,43.83963563587693,437.95700624635924,15.747250433369118,203.78899437480533,240.237252681213,230.98392184580348,images\20220514_104041-output.jpg,Day
2022-05-14 10:41:05.494007,-49.1739502131564,45.63686902603167,437.78072168137345,14.899763976248494,178.02409442151975,230.390047557874,221.63288366649797,images\20220514_104102-output.jpg,Day
2022-05-14 10:41:25.368730,-48.72693306347895,47.45641952539629,437.583418089634,16.71535120104295,182.66336583878336,250.0,237.74141257591094,images\20220514_104122-output.jpg,Day
2022-05-14 10:41:45.312142,-48.26826205611696,49.17210283850654,437.37922853449663,14.3825888824843,192.87555615300272,250.0,248.19484150349064,images\20220514_104142-output.jpg,Day
2022-05-14 10:42:05.171494,-47.78098758843292,50.85823945776265,437.16059454218737,13.852599500063548,203.65276507188833,247.1305520006099,239.74305487971037,images\20220514_104202-output.jpg,Day
2022-05-14 10:42:25.829032,-47.268896960498516,52.504727748459715,436.9291255307688,16.086031231296317,245.56701998501245,250.0,250.0,images\20220514_104222-output.jpg,Day
2022-05-14 10:42:45.761678,-46.707889151148436,54.18493318564163,436.6737465424544,14.533206506514148,250.0,250.0,250.0,images\20220514_104243-output.jpg,Day
2022-05-14 10:43:10.416361,-46.00293908944046,56.143112435287925,436.35045558869484,13.069759075889806,249.5708161398318,250.0,250.0,images\20220514_104307-output.jpg,Day
2022-05-14 10:43:30.276727,-45.411164377405925,57.67558946396315,436.07722803317654,13.058841872275195,250.0,250.0,250.0,images\20220514_104327-output.jpg,Day
2022-05-14 10:43:50.108264,-44.797248585611236,59.173508572667735,435.792189867877,14.395880430609168,221.4058637544768,250.0,250.0,images\20220514_104347-output.jpg,Day
2022-05-14 10:44:09.952399,-44.16119985803906,60.63927354925029,435.49534309681786,13.484539388711767,186.44751764766949,239.3448185112374,225.1635888676944,images\20220514_104407-output.jpg,Day
2022-05-14 10:44:29.814592,-43.50318988872075,62.07457366700877,435.1867827892382,13.071065349568585,187.0570345751583,250.0,238.80560719012772,images\20220514_104427-output.jpg,Day
2022-05-14 10:44:49.525000,-42.827098812090945,63.473410026315776,434.868373975205,12.594998603097736,201.63353430265755,250.0,243.07893195915085,images\20220514_104447-output.jpg,Day
2022-05-14 10:45:09.461725,-42.134301639683244,64.83588573242722,434.5408426035999,12.202255041859189,235.78146005268349,250.0,250.0,images\20220514_104506-output.jpg,Day
2022-05-14 10:45:29.235437,-41.41991853106025,66.17367319334348,434.2019691197972,12.605444523659628,250.0,250.0,250.0,images\20220514_104526-output.jpg,Day
2022-05-14 10:45:49.140053,-40.690950143049506,67.47573993899302,433.8551863235703,11.875538065553485,250.0,250.0,250.0,images\20220514_104546-output.jpg,Day
2022-05-14 10:46:09.053913,-39.941763999439836,68.75418541711436,433.49795142414416,10.781806213381003,225.3000343059016,250.0,250.0,images\20220514_104606-output.jpg,Day
2022-05-14 10:46:28.848441,-39.1760303582363,70.00433125727398,433.13216978592226,11.427767085266737,204.49377404657167,250.0,243.97327505385135,images\20220514_104626-output.jpg,Day
2022-05-14 10:46:50.841990,-38.39804739983777,71.2214169333873,432.76008174233505,11.973541034859466,210.26142029676632,250.0,245.7672960948043,images\20220514_104646-output.jpg,Day
2022-05-14 10:47:12.350732,-37.52118088403324,72.53509423466102,432.3404306976722,11.22265479694397,205.12555473372782,250.0,243.64529076481887,images\20220514_104708-output.jpg,Day
2022-05-14 10:47:34.477122,-36.64574176403027,73.79093435752536,431.9214810254501,10.992479983235512,195.5897170290278,250.0,244.42595338776863,images\20220514_104729-output.jpg,Day
2022-05-14 10:47:54.349477,-35.72922291363682,75.05166518242604,431.4832278658329,12.555245194580948,205.85180844006283,250.0,242.7425112974281,images\20220514_104751-output.jpg,Day
2022-05-14 10:48:14.493939,-34.89497521923266,76.15542672183616,431.0849195213378,11.516439162392771,195.35758346958372,250.0,243.93380380268349,images\20220514_104811-output.jpg,Day
2022-05-14 10:48:34.723436,-34.03419107808178,77.2542532010148,430.6748280385438,10.225226904521378,212.09591885478304,250.0,244.57519176431276,images\20220514_104831-output.jpg,Day
2022-05-14 10:48:54.833726,-33.16209990231469,78.32937402445987,430.2605505578711,9.643502254232317,194.79798264267362,249.89219634005502,240.7773484133318,images\20220514_104851-output.jpg,Day
2022-05-14 10:49:14.963188,-32.27968788115998,79.38124505270466,429.8428907520469,11.330833040565949,183.68968325028547,250.0,235.61836347062183,images\20220514_104912-output.jpg,Day
2022-05-14 10:49:35.121385,-31.392401547496203,80.40527746107317,429.42475856733284,9.839980329670595,183.04724441697812,250.0,243.1161230438337,images\20220514_104932-output.jpg,Day
2022-05-14 10:49:55.949450,-30.491493015796923,81.41314725278639,429.0023877810406,10.542179271634893,183.94053988405742,250.0,242.27949273493462,images\20220514_104952-output.jpg,Day
2022-05-14 10:50:16.045288,-29.5509455838526,82.43369075944078,428.56410008376145,9.932081161759982,192.47807443326326,250.0,247.86372974086473,images\20220514_105013-output.jpg,Day
2022-05-14 10:50:36.073058,-28.63380325927644,83.40002399871281,428.1396572828759,9.52445034945174,198.7442067226591,250.0,246.0664563301282,images\20220514_105033-output.jpg,Day
2022-05-14 10:50:56.241385,-27.712580566206007,84.34413871479477,427.71655623354746,10.053304212922967,193.97658013955933,250.0,243.2113075252388,images\20220514_105053-output.jpg,Day
2022-05-14 10:51:16.389761,-26.775727779389335,85.27899699509555,427.28990814935446,11.486652707422365,199.343698906104,250.0,248.04395656532233,images\20220514_105113-output.jpg,Day
2022-05-14 10:51:36.401009,-25.833728614929413,86.1951483928799,426.8649217825313,9.898892418809226,199.1613368839536,250.0,248.2889268578714,images\20220514_105133-output.jpg,Day
2022-05-14 10:51:56.262854,-24.891471638305426,87.0893503995174,426.444146766062,9.341848657086018,201.4407608854329,250.0,248.85369891421416,images\20220514_105153-output.jpg,Day
2022-05-14 10:52:16.325807,-23.94842116260073,87.96365733895452,426.02765488892544,9.107687574223178,205.0716638524473,250.0,246.10423499461487,images\20220514_105213-output.jpg,Day
2022-05-14 10:52:36.459413,-22.989735610630724,88.8327909093438,425.60931921959946,9.555298898838089,184.1880703457516,249.69239163227968,239.80412019555175,images\20220514_105233-output.jpg,Day
2022-05-14 10:52:56.287445,-22.02383438488585,89.68984075817401,425.19330216722625,9.172297748676897,195.87799811682498,250.0,238.3932435621691,images\20220514_105253-output.jpg,Day
2022-05-14 10:53:16.176719,-21.065416844858962,90.52309341140797,424.7862301847094,9.464106481908289,196.25242696005915,250.0,244.59004589529482,images\20220514_105313-output.jpg,Day
